ID	source	specimen_ID	ocean	location	site	lat_long	date_collected	collection_ID	collector	permit	collection_status	sequencing_status	YCGA_ID	date_seq	resequencing_note	WGS_SRA_accession	mitogenome_accession
FM-16644	Church et al. 2025		NE Atlantic	Canary Islands	La Palma	28.591940, -17.920910	5/14/2023		Tauana Cunha, Juan Moles		high quality	sequenced	FM16644	10/16/23		SRR28498736	PZ224317
TMAG-K5632	Church et al. 2025		SW Pacific	Tasmania	Bicheno: Redbill Beach	-41.863900, 148.286500	1/14/2023		N. G. Wilson		moderate quality	resequenced	KM5632	10/20/23	Resequenced as part of the original Church et al. 2025 study (originally sequenced 6/18/23), not new data for this manuscript. WGS_SRA_accession (SRR28498728) already contains the data for this specimen.	SRR28498728	PZ224322
TMAG-K5633	Church et al. 2025		SW Pacific	Tasmania	Bicheno: Redbill Beach	-41.863900, 148.286500	1/14/2023		N. G. Wilson		moderate quality	resequenced	KM5633	10/20/23	Resequenced as part of the original Church et al. 2025 study (originally sequenced 6/18/23), not new data for this manuscript. WGS_SRA_accession (SRR28498727) already contains the data for this specimen.	SRR28498727	PZ224323
TMAG-K5634	Church et al. 2025		SW Pacific	Tasmania	Bicheno: Redbill Beach	-41.863900, 148.286500	1/14/2023		N. G. Wilson		moderate quality	sequenced	KM5634	6/18/23		SRR28498726	PZ224324
TMAG-K5635	Church et al. 2025		SW Pacific	Tasmania	Bicheno: Redbill Beach	-41.863900, 148.286500	1/14/2023		N. G. Wilson		moderate quality	sequenced	KM5635	8/19/23		SRR28498785	PZ224325
TMAG-K5636	Church et al. 2025		SW Pacific	Tasmania	Bicheno: Redbill Beach	-41.863900, 148.286500	1/14/2023		N. G. Wilson		moderate quality	sequenced	KM5636	8/19/23		SRR28498784	PZ224326
WAM-Z88480	Church et al. 2025		E Indian	Western Australia	Peasholm Dog Beach, Scarborough	-31.908144, 115.754811	8/3/2018	NA	K. Tullis		high quality	resequenced	Z88480	10/15/23	Resequenced as part of the original Church et al. 2025 study (originally sequenced 9/14/23), not new data for this manuscript. WGS_SRA_accession (SRR28498838) already contains the data for this specimen.	SRR28498838	PZ224327
WAM-Z97900	Church et al. 2025	WA 1	E Indian	Western Australia	North Beach, Perth	-31.855786, 115.751741	4/19/2019	WA 1	N. G. Wilson, N. Tatarnic		high quality	sequenced	Z97900	9/14/23		SRR28498837	PZ224328
WAM-Z97901	Church et al. 2025	WA 2	E Indian	Western Australia	North Beach, Perth	-31.855786, 115.751741	4/19/2019	WA 2	N. G. Wilson, N. Tatarnic		high quality	sequenced	Z97901	9/14/23		SRR28498836	PZ224329
WAM-Z97902	Church et al. 2025	WA 3	E Indian	Western Australia	North Beach, Perth	-31.855786, 115.751741	4/19/2019	WA 3	N. G. Wilson, N. Tatarnic		high quality	sequenced	Z97902	10/30/23		SRR28498835	PZ224330
WAM-Z97903	Church et al. 2025	WA 4	E Indian	Western Australia	North Beach, Perth	-31.855786, 115.751741	4/19/2019	WA 4	N. G. Wilson, N. Tatarnic		high quality	sequenced	Z97903	9/14/23		SRR28498834	PZ224331
WAM-Z97906	Church et al. 2025	WA 7	E Indian	Western Australia	North Beach, Perth	-31.855786, 115.751741	4/19/2019	WA 7	N. G. Wilson, N. Tatarnic		high quality	sequenced	Z97906	9/14/23		SRR28498833	PZ224332
WAM-Z97907	Church et al. 2025	WA 8	E Indian	Western Australia	North Beach, Perth	-31.855786, 115.751741	4/19/2019	WA 8	N. G. Wilson, N. Tatarnic		high quality	sequenced	Z97907	10/30/23		SRR28498832	PZ224333
WAM-Z97908	Church et al. 2025	WA 9	E Indian	Western Australia	North Beach, Perth	-31.855786, 115.751741	4/19/2019	WA 9	N. G. Wilson, N. Tatarnic		high quality	sequenced	Z97908	10/30/23		SRR28498831	PZ224334
WAM-Z97910	Church et al. 2025	WA 11	E Indian	Western Australia	North Beach, Perth	-31.855786, 115.751741	4/19/2019	WA 11	N. G. Wilson, N. Tatarnic		high quality	sequenced	Z97910	10/30/23		SRR28498829	PZ224336
WAM-Z97911	Church et al. 2025	WA 12	E Indian	Western Australia	North Beach, Perth	-31.855786, 115.751741	4/19/2019	WA 12	N. G. Wilson, N. Tatarnic		high quality	sequenced	Z97911	10/30/23		SRR28498828	PZ224337
WAM-Z97914	Church et al. 2025	WA 15	E Indian	Western Australia	North Beach, Perth	-31.855786, 115.751741	4/19/2019	WA 15	N. G. Wilson, N. Tatarnic		high quality	sequenced	Z97914	10/30/23		SRR28498827	PZ224338
WAM-Z97916	Church et al. 2025	WA 17	E Indian	Western Australia	North Beach, Perth	-31.855786, 115.751741	4/19/2019	WA 17	N. G. Wilson, N. Tatarnic		high quality	sequenced	Z97916	10/30/23		SRR28498826	PZ224339
WAM-Z97917	Church et al. 2025		SW Pacific	New South Wales	North Steyne, Queenscliff Beach, Manly	-33.787002, 151.288609	1/18/2019	NSW n.1	N. Lo		high quality	sequenced	Z97917	10/16/23		SRR28498825	PZ224340
WAM-Z97920	Church et al. 2025	NSW l.p.	SW Pacific	New South Wales	La Perouse, Sydney	-33.987424, 151.231329	2/5/2018	NSW l.p.	Y. K. Tea		high quality	sequenced	Z97920	9/14/23		SRR28498824	PZ224341
WAM-Z97921	Church et al. 2025	1	SW Pacific	Queensland	Dicky Beach, Caloundra, Sunshine Coast	-26.784003, 153.140596	1/19/2019	1	G. Cobb		high quality	sequenced	Z97921	9/14/23		SRR28498823	PZ224342
WAM-Z97923	Church et al. 2025	QLD d.b3	SW Pacific	Queensland	Dicky Beach, Caloundra, Sunshine Coast	-26.784003, 153.140596	1/19/2019	QLD d.b3	G. Cobb		high quality	sequenced	Z97923	10/30/23		SRR28498822	PZ224343
YPM-IZ-104460	Church et al. 2025	Guam_104460	NW Pacific	Guam		13.427861, 144.798518	11/23/2018	Guam_104460	David Burdick	Guam Department of Agriculture, Division of Aquatic and Wildlife Resources	high quality	sequenced	G104460	4/18/23		SRR28498735	PZ224344
YPM-IZ-104461	Church et al. 2025	Guam_104461	NW Pacific	Guam		13.427861, 144.798518	11/23/2018	Guam_104461	David Burdick	Guam Department of Agriculture, Division of Aquatic and Wildlife Resources	high quality	sequenced	G104461	4/18/23		SRR28498734	PZ224345
YPM-IZ-104464	Church et al. 2025	Guam_104464	NW Pacific	Guam		13.427861, 144.798518	11/23/2018	Guam_104464	David Burdick	Guam Department of Agriculture, Division of Aquatic and Wildlife Resources	high quality	sequenced	NA24	12/23/22		SRR28498783	PZ224346
YPM-IZ-104465	Ahuja et al. 2024	Guam_104465	NW Pacific	Guam		13.427861, 144.798518	11/23/2018	Guam_104465	David Burdick	Guam Department of Agriculture, Division of Aquatic and Wildlife Resources	high quality	sequenced	NA22	12/23/22		SRR23143271	OQ957220
YPM-IZ-106919	Church et al. 2025	Japan_2	NW Pacific	Japan		35.307390, 139.480651	11/19/2020	Japan_2	Gaku Yamamoto		high quality	sequenced	2gDNA	4/18/23		SRR28498747	PZ224347
YPM-IZ-106920	Church et al. 2025	Japan_3	NW Pacific	Japan		35.307390, 139.480651	11/19/2020	Japan_3	Gaku Yamamoto		high quality	sequenced	3gDNA	2/23/23		SRR28498746	PZ224348
YPM-IZ-106923	Church et al. 2025	Japan_6	NW Pacific	Japan		35.307390, 139.480651	11/19/2020	Japan_6	Gaku Yamamoto		high quality	sequenced	6gDNA	2/23/23		SRR28498740	PZ224349
YPM-IZ-106935	Church et al. 2025	TX2016_043	Gulf of Mexico	Texas		29.19532, -94.8429383	3/2/2016	13_TX2016_043	Catriona Munro		high quality	sequenced	13TX	4/18/23		SRR28498749	PZ224350
YPM-IZ-106936	Church et al. 2025	TX2016_046	Gulf of Mexico	Texas		29.19532, -94.8429383	3/3/2016	TX2016_046	Catriona Munro		high quality	sequenced	42TX	4/18/23		SRR28498745	PZ224351
YPM-IZ-106937	Church et al. 2025	TX2016_048	Gulf of Mexico	Texas		29.19532, -94.8429383	3/3/2016	TX2016_048	Catriona Munro		high quality	sequenced	59TX	4/18/23		SRR28498743	PZ224352
YPM-IZ-106941	Church et al. 2025	Bermuda_63, P2	NW Atlantic	Bermuda		32.323333, -64.656300	5/18/2019	Bermuda_63, P2	Alex Damien-Serrano; Zachary Lewis; Reza Bergmann	Bermuda Department of Environment and Natural Resources; SP190501	high quality	sequenced	63	4/18/23		SRR28498742	PZ224353
YPM-IZ-106943	Church et al. 2025	Bermuda_67, P8	NW Atlantic	Bermuda		32.341117, -64.669133	5/18/2019	Bermuda_67, P8	Alex Damien-Serrano; Zachary Lewis; Reza Bergmann	Bermuda Department of Environment and Natural Resources; SP190501	high quality	sequenced	67	2/23/23		SRR28498741	PZ224354
YPM-IZ-106944	Church et al. 2025	Bermuda_68, P3	NW Atlantic	Bermuda		32.297917, -64.686850	5/18/2019	Bermuda_68, P3	Alex Damien-Serrano; Zachary Lewis; Reza Bergmann	Bermuda Department of Environment and Natural Resources; SP190501	excluded	sequenced	68gDNA-KD	4/18/23			
YPM-IZ-106954	Church et al. 2025	Bermuda_94, P13	NW Atlantic	Bermuda		32.367233, -64.714550	5/20/2019	Bermuda_94, P13	Alex Damien-Serrano; Zachary Lewis; Reza Bergmann	Bermuda Department of Environment and Natural Resources; SP190501	high quality	sequenced	94	2/23/23		SRR28498738	PZ224355
YPM-IZ-106958	Church et al. 2025	TX2017_028	Gulf of Mexico	Texas		29.195320, -94.842938	3/18/2017	TX2017_028	Catriona Munro		high quality	sequenced	8TX	4/18/23		SRR28498739	PZ224356
YPM-IZ-110251	Church et al. 2025	22-VK-02	NW Atlantic	Florida	Key Biscanye, Virginia Key	25.737060, -80.152790	12/22/2022	22-VK-02	L.M. Rojas		high quality	sequenced	YDM_110251	2/23/23		SRR28498840	PZ224357
YPM-IZ-110254	Church et al. 2025	22-VK-05	NW Atlantic	Florida	Key Biscanye, Virginia Key	25.736470, -80.153500	12/22/2022	22-VK-05	L.M. Rojas		high quality	sequenced	YDM_110254	2/23/23		SRR28498839	PZ224358
YPM-IZ-110264	Church et al. 2025	SHC05	Central Pacific	Hawai'i	Kapa'a	22.069018, -159.316685	10/31/2022	SHC05	Samuel Church		high quality	sequenced	110264	4/18/23		SRR28498843	PZ224359
YPM-IZ-110268	Church et al. 2025	SHC09	Central Pacific	Hawai'i	Kapa'a	22.069018, -159.316685	11/4/2022	SHC09	Samuel Church		moderate quality	sequenced	110268	4/18/23		SRR28498842	PZ224360
YPM-IZ-110269	Church et al. 2025	SHC10	Central Pacific	Hawai'i	Kapa'a	22.069018, -159.316685	11/4/2022	SHC10	Samuel Church		high quality	resequenced	110269	6/26/23	Resequenced as part of the original Church et al. 2025 study (originally sequenced 4/18/23), not new data for this manuscript. WGS_SRA_accession (SRR28498813) already contains the data for this specimen.	SRR28498813	PZ224361
YPM-IZ-110276	Church et al. 2025	SHC17	Central Pacific	Hawai'i	Waiehu	20.9225222, -156.4926917	11/19/2022	SHC17	Samuel Church		high quality	sequenced	110276	4/18/23		SRR28498802	PZ224362
YPM-IZ-110277	Church et al. 2025	SHC18	Central Pacific	Hawai'i	Waiehu	20.9225222, -156.4926917	11/19/2022	SHC18	Samuel Church		moderate quality	sequenced	110277	4/18/23		SRR28498791	PZ224363
YPM-IZ-110278	Church et al. 2025	SHC19	Central Pacific	Hawai'i	Waiehu	20.9225222, -156.4926917	11/19/2022	SHC19	Samuel Church		high quality	sequenced	110278	4/18/23		SRR28498777	PZ224364
YPM-IZ-110432	Church et al. 2025	KBW-01	NW Atlantic	Florida	Key Biscayne, Hobie Bch.	25.745160, -80.175990	3/14/2023	KBW-01	L.M. Rojas		excluded	sequenced	110432	5/28/23			
YPM-IZ-110433	Church et al. 2025	KBW-02	NW Atlantic	Florida	Key Biscayne, Hobie Bch.	25.741630, -80.175194	3/14/2023	KBW-02	L.M. Rojas		high quality	sequenced	110433	5/28/23		SRR28498766	PZ224365
YPM-IZ-110438	Church et al. 2025	SHCTX001	Gulf of Mexico	Texas	Follets Island beach	28.989194, -95.237778	3/24/2023	SHCTX001	Samuel Church	Texas NR Saltwater Fishing License, 958064721164	moderate quality	sequenced	110438	5/28/23		SRR28498755	PZ224368
YPM-IZ-110443	Church et al. 2025	SHCTX006	Gulf of Mexico	Texas	Surfisde Beach	28.951778, -95.283167	3/24/2023	SHCTX006	Samuel Church	Texas NR Saltwater Fishing License, 958064721164	high quality	sequenced	110443	5/28/23		SRR28498744	PZ224369
YPM-IZ-110460	Church et al. 2025	Kailua-1	Central Pacific	Hawai'i	Kailua Beach (fig tree entrance)	21.400790, -157.734500	11/14/2022	Kailua-1	Chris Simon		high quality	sequenced	110460	8/17/23		SRR28498733	PZ224370
YPM-IZ-110467	Church et al. 2025	Breaker Bay-1	SW Pacific	New Zealand		-41.330278, 174.831944	2/16/2023	Breaker Bay-1	Chris Simon		high quality	sequenced	110467	5/28/23		SRR28498841	PZ224371
YPM-IZ-110468	Church et al. 2025	Breaker Bay-2	SW Pacific	New Zealand		-41.330000, 174.833056	2/16/2023	Breaker Bay-2	Chris Simon		high quality	sequenced	110468	5/28/23		SRR28498830	PZ224372
YPM-IZ-110469	Church et al. 2025	Breaker Bay-3	SW Pacific	New Zealand		-41.330000, 174.833056	2/16/2023	Breaker Bay-3	Chris Simon		high quality	resequenced	110469	6/26/23	Resequenced as part of the original Church et al. 2025 study (originally sequenced 5/28/23), not new data for this manuscript. WGS_SRA_accession (SRR28498821) already contains the data for this specimen.	SRR28498821	PZ224373
YPM-IZ-110470	Church et al. 2025	Breaker Bay-4	SW Pacific	New Zealand		-41.330000, 174.833056	2/16/2023	Breaker Bay-4	Chris Simon		high quality	sequenced	110470	8/17/23		SRR28498820	PZ224374
YPM-IZ-110471	Church et al. 2025	Kailua-8	Central Pacific	Hawai'i	Kailua Beach (fig tree entrance)	21.400790, -157.734500	4/9/2023	Kailua-8	Chris Simon		high quality	sequenced	110471	5/28/23		SRR28498819	PZ224375
YPM-IZ-110473	Church et al. 2025	Kailua-10	Central Pacific	Hawai'i	Kailua Beach (fig tree entrance)	21.400790, -157.734500	4/9/2023	Kailua-10	Chris Simon		high quality	sequenced	110473	8/19/23		SRR28498818	PZ224376
YPM-IZ-110474	Church et al. 2025	Lanikai-0	Central Pacific	Hawai'i	Lanikai	21.454600, -157.748500	4/4/2023	Lanikai-0	Chris Simon		high quality	sequenced	110474	5/28/23		SRR28498817	PZ224377
YPM-IZ-110474-2	Church et al. 2025	Lanikai-0	Central Pacific	Hawai'i	Lanikai	21.454600, -157.748500	4/4/2023	Lanikai-0	Chris Simon		excluded	sequenced	110474-2	12/28/23			
YPM-IZ-110480	Church et al. 2025	Lanikai-6	Central Pacific	Hawai'i	Lanikai	21.454600, -157.748500	4/6/2023	Lanikai-6	Chris Simon		high quality	sequenced	110480	5/28/23		SRR28498816	PZ224378
YPM-IZ-110515	Church et al. 2025		SW Pacific	New South Wales	Maroubra beach	-33.947500, 151.257361	2/9/2023	4	Amandine Schaeffer		high quality	sequenced	110515	8/17/23		SRR28498815	PZ224379
YPM-IZ-110520	Church et al. 2025		SW Pacific	New South Wales	Maroubra beach	-33.947500, 151.257361	2/19/2023	9	Amandine Schaeffer		high quality	sequenced	110520	8/17/23		SRR28498814	PZ224380
YPM-IZ-110526	Church et al. 2025		SW Pacific	New South Wales	Maroubra beach	-33.947500, 151.257361	4/23/2023	15	Amandine Schaeffer		high quality	sequenced	110526	8/17/23		SRR28498812	PZ224381
YPM-IZ-110556	Church et al. 2025	LA001	SW Pacific	Tasmania	Friendly Beaches	-41.996839, 148.284729	12/25/2022	LA001	Lisa Albinsson		high quality	resequenced	110556	10/20/23	Resequenced as part of the original Church et al. 2025 study (originally sequenced 8/17/23), not new data for this manuscript. WGS_SRA_accession (SRR28498811) already contains the data for this specimen.	SRR28498811	PZ224382
YPM-IZ-110557	Church et al. 2025	LA002	SW Pacific	Tasmania	Friendly Beaches	-41.996839, 148.284729	12/25/2022	LA002	Lisa Albinsson		high quality	sequenced	110557	8/17/23		SRR28498810	PZ224383
YPM-IZ-110558	Church et al. 2025	LA003	SW Pacific	Tasmania	Friendly Beaches	-41.996839, 148.284729	12/25/2022	LA003	Lisa Albinsson		high quality	sequenced	110558	8/17/23		SRR28498809	PZ224384
YPM-IZ-110566	Church et al. 2025	Phys1	NW Pacific	Guam	Tarague	13.605463, 144.907196	1/24/2022	Phys1	Colin J. Anthony	Guam Department of Agriculture, Division of Aquatic and Wildlife Resources	high quality	sequenced	110566	8/17/23		SRR28498808	PZ224385
YPM-IZ-110569	Church et al. 2025	Phys10	NW Pacific	Guam	Pago	13.427664, 144.801336	1/27/2022	Phys10	Colin J. Anthony	Guam Department of Agriculture, Division of Aquatic and Wildlife Resources	moderate quality	sequenced	110569	8/19/23		SRR28498807	PZ224386
YPM-IZ-110574	Church et al. 2025	Phys18	NW Pacific	Guam	Ipan	13.359762, 144.773724	4/9/2022	Phys18	Colin J. Anthony	Guam Department of Agriculture, Division of Aquatic and Wildlife Resources	excluded	sequenced	110574	8/19/23			
YPM-IZ-110600	Church et al. 2025	Blank Lid	NW Pacific	Guam	Togcha	13.372435, 144.773357	4/27/2023	Blank Lid	Colin J. Anthony	Guam Department of Agriculture, Division of Aquatic and Wildlife Resources	high quality	sequenced	110600	8/19/23		SRR28498806	PZ224387
YPM-IZ-110602	Church et al. 2025	I2T01002	NW Pacific	Guam	Togcha	13.372435, 144.773357	4/27/2023	I2T01002	Colin J. Anthony	Guam Department of Agriculture, Division of Aquatic and Wildlife Resources	high quality	sequenced	110602	8/17/23		SRR28498805	PZ224388
YPM-IZ-110605	Church et al. 2025	KP001	SW Pacific	Queensland	Burleigh Beach	-28.089089, 153.453921	2/3/2023	KP001	Kylie Pitt	Queensland Government General Fisheries Permit #209751; NSW Department of Primary Industries Scientific Collection Permit # P18/0012-1.0	high quality	sequenced	110605	8/17/23		SRR28498804	PZ224389
YPM-IZ-110612	Church et al. 2025	KP007	SW Pacific	New South Wales	Scotts Head	-30.745087, 152.995494	3/26/2023	KP007	Kylie Pitt	Queensland Government General Fisheries Permit #209751; NSW Department of Primary Industries Scientific Collection Permit # P18/0012-1.0	high quality	sequenced	110612	8/17/23		SRR28498803	PZ224390
YPM-IZ-110613	Church et al. 2025	KP008	SW Pacific	New South Wales	Arakoon Beach	-30.745087, 152.995494	3/26/2023	KP008	Kylie Pitt	Queensland Government General Fisheries Permit #209751; NSW Department of Primary Industries Scientific Collection Permit # P18/0012-1.0	high quality	sequenced	110613	8/17/23		SRR28498801	PZ224391
YPM-IZ-110616	Church et al. 2025	KP011	SW Pacific	New South Wales	Southwest Rocks	-30.881192, 153.035604	3/26/2023	KP011	Kylie Pitt	Queensland Government General Fisheries Permit #209751; NSW Department of Primary Industries Scientific Collection Permit # P18/0012-1.0	high quality	sequenced	110616	8/17/23		SRR28498800	PZ224392
YPM-IZ-110631	Church et al. 2025	EB-01	NW Atlantic	Northeast US	East Beach	41.346250, -71.678310	7/14/2023	EB-01	L.M. Rojas	RIDEM- Division of Marine Fisheries, 855, Type:1; RI: Scientific Collectors Permit #855	high quality	sequenced	110631	9/14/23		SRR28498799	PZ224393
YPM-IZ-110632	Church et al. 2025	EMSB-01	NW Atlantic	Northeast US	East Matunuck State Beach	41.377020, -71.527820	7/14/2023	EMSB-01	L.M. Rojas	RIDEM- Division of Marine Fisheries, 855, Type:1; RI: Scientific Collectors Permit #855	excluded	sequenced	110632	9/14/23			
YPM-IZ-110633	Church et al. 2025	LM62-2023	NW Atlantic	Northeast US	East Matunuck State Beach	41.377020, -71.527820	7/15/2023	LM62-2023	EMSB lifeguards	RIDEM- Division of Marine Fisheries, 855, Type:1; RI: Scientific Collectors Permit #855	high quality	sequenced	110633	9/14/23		SRR28498798	PZ224394
YPM-IZ-110667	Church et al. 2025	CWD-MK-1	NW Atlantic	Northeast US	Montauk	40.857420, -71.779920	7/20/2023	CWD-MK1	Casey Dunn, Namrata Ahuja, Mary Beth Decker	NY: Scientific License #1427	high quality	sequenced	110667	9/14/23		SRR28498797	PZ224395
YPM-IZ-110694	Church et al. 2025		NW Atlantic	Northeast US	Martha's Vineyard	41.344990, -70.836797	7/26/2023		Mary Beth Decker	RIDEM- Division of Marine Fisheries, 855, Type:1; RI: Scientific Collectors Permit #855	high quality	sequenced	110694	10/16/23		SRR28498796	PZ224396
YPM-IZ-110694-dry	Church et al. 2025		NW Atlantic	Northeast US	Martha's Vineyard	41.344990, -70.836797	7/26/2023		Mary Beth Decker	RIDEM- Division of Marine Fisheries, 855, Type:1; RI: Scientific Collectors Permit #855	excluded	sequenced	110694_dry	10/30/23			
YPM-IZ-110716	Church et al. 2025	10	NE Atlantic	Spain	Toerrgorda	36.458090, -6.252680	4/2/2013	10	Laura Prieto		high quality	sequenced	110716	9/14/23		SRR28498795	PZ224397
YPM-IZ-110726	Church et al. 2025	20	NE Atlantic	Spain	Toerrgorda	36.458090, -6.252680	4/2/2013	20	Laura Prieto		high quality	sequenced	110726	9/14/23		SRR28498794	PZ224398
YPM-IZ-110738	Church et al. 2025	32	NE Atlantic	Spain	Toerrgorda	36.458090, -6.252680	4/2/2013	32	Laura Prieto		high quality	resequenced	110738	10/15/23	Resequenced as part of the original Church et al. 2025 study (originally sequenced 9/14/23), not new data for this manuscript. WGS_SRA_accession (SRR28498793) already contains the data for this specimen.	SRR28498793	PZ224399
YPM-IZ-110777	Church et al. 2025	Kailua-27	Central Pacific	Hawai'i	Kailua Beach (fig tree entrance)	21.400790, -157.734500	7/19/2023	Kailua-27	Chris Simon		high quality	sequenced	110777	9/14/23		SRR28498792	PZ224400
YPM-IZ-110780	Church et al. 2025	Kailua-30	Central Pacific	Hawai'i	Kailua Beach (fig tree entrance)	21.400790, -157.734500	7/19/2023	Kailua-30	Chris Simon		high quality	sequenced	110780	9/14/23		SRR28498790	PZ224401
YPM-IZ-110785	Church et al. 2025	Kailua-35	Central Pacific	Hawai'i	Kailua Beach (fig tree entrance)	21.400790, -157.734500	7/21/2023	Kailua-35	Chris Simon		high quality	sequenced	110785	9/18/23		SRR28498789	PZ224402
YPM-IZ-110786	Church et al. 2025	Kailua-36	Central Pacific	Hawai'i	Kailua Beach (fig tree entrance)	21.400790, -157.734500	7/28/2023	Kailua-36	Chris Simon		high quality	sequenced	110786	9/18/23		SRR28498788	PZ224403
YPM-IZ-110826	Church et al. 2025	7706	SE Pacific	Chile	La Herradura bay, Coquimbo, Chile	-29.971100, -71.360200	5/29/2015	7706	Javier Sellanes Lopez		excluded	sequenced	110826	10/25/23			
YPM-IZ-110827	Church et al. 2025	7269	SE Pacific	Chile	Morrillos, Coquimbo, Chile	-30.152100, -71.375068	4/9/2016	7269	Javier Sellanes Lopez		excluded	sequenced	110827	10/25/23			
YPM-IZ-110828	Church et al. 2025	20230712	SE Pacific	Chile	La Herradura bay, Coquimbo, Chile	-29.972700, -71.360900	7/12/2023	20230712	Javier Sellanes Lopez		high quality	resequenced	110828	10/15/23	Resequenced as part of the original Church et al. 2025 study (originally sequenced 9/18/23), not new data for this manuscript. WGS_SRA_accession (SRR28498787) already contains the data for this specimen.	SRR28498787	PZ224404
YPM-IZ-110829	Church et al. 2025	20230713	SE Pacific	Chile	La Herradura bay, Coquimbo, Chile	-29.972700, -71.360900	7/13/2023	20230713	Javier Sellanes Lopez		high quality	sequenced	110829	10/16/23		SRR28498786	PZ224405
YPM-IZ-110830	Church et al. 2025	BC-1	SW Atlantic	Uruguay	Barra del Chuy, Rocha, Uruguay	-33.751600, -53.380100	2/28/2014	BC-1	Javier Sellanes Lopez		high quality	sequenced	110830	10/16/23		SRR28498782	PZ224406
YPM-IZ-110842	Church et al. 2025	PHY104	NE Atlantic	Azores	Porto Pim beach, Faial Island, Azores	38.524769, -28.625946	7/18/2019	PHY104	Bruno I. Magalhães	Secretaria Regional do Mar, Ciência e Tecnologia dos Açores, AMP/2018/021	high quality	resequenced	110842	10/15/23	Resequenced as part of the original Church et al. 2025 study (originally sequenced 9/18/23), not new data for this manuscript. WGS_SRA_accession (SRR28498781) already contains the data for this specimen.	SRR28498781	PZ224407
YPM-IZ-110843	Church et al. 2025	PHY314	NE Atlantic	Azores	Santa Barbara beach, São Miguel Island, Azores	37.818604, -25.543635	5/22/2020	PHY314	Bruno I. Magalhães	Secretaria Regional do Mar, Ciência e Tecnologia dos Açores, AMP/2018/021	high quality	sequenced	110843	9/18/23		SRR28498780	PZ224408
YPM-IZ-110844	Church et al. 2025	PHY128	NE Atlantic	Azores	Porto Pim beach, Faial Island, Azores	38.524769, -28.625946	11/29/2019	PHY128	Bruno I. Magalhães	Secretaria Regional do Mar, Ciência e Tecnologia dos Açores, AMP/2018/021	high quality	sequenced	110844	9/18/23		SRR28498779	PZ224409
YPM-IZ-110845	Church et al. 2025	PHY374	NE Atlantic	Azores	Milicias beach, São Miguel Island, Azores	37.750488, -25.624447	8/17/2020	PHY374	Bruno I. Magalhães	Secretaria Regional do Mar, Ciência e Tecnologia dos Açores, AMP/2018/021	high quality	sequenced	110845	9/18/23		SRR28498778	PZ224410
YPM-IZ-110846	Church et al. 2025	PHY56	NE Atlantic	Azores	Entre Montes, Faial Island, Azores	38.523756, -28.623767	7/10/2020	PHY56	Carlos J. Moura	Secretaria Regional do Mar, Ciência e Tecnologia dos Açores, AMP/2018/021	high quality	sequenced	110846	9/14/23		SRR28498776	PZ224411
YPM-IZ-110847	Church et al. 2025	PHY60	NE Atlantic	Azores	Conceição beach, Faial Island, Azores	38.542865, -28.618676	7/15/2020	PHY60	Carlos J. Moura	Secretaria Regional do Mar, Ciência e Tecnologia dos Açores, AMP/2018/021	high quality	sequenced	110847	9/14/23		SRR28498775	PZ224412
YPM-IZ-110876	Church et al. 2025	TX2017_038	Gulf of Mexico	Texas		29.260000, -94.840000	3/19/2017	TX2017_038	Catriona Munro		high quality	sequenced	16TX	4/18/23		SRR28498748	PZ224413
YPM-IZ-110877	Church et al. 2025	GulfofCalifornia_6	Gulf of California	Mexico	Gulf of California	27.245000, -111.500000	6/6/2007	GoCJUN6	Steve Haddock		high quality	resequenced	GoCJUN6	6/26/23	Resequenced as part of the original Church et al. 2025 study (originally sequenced 4/18/23), not new data for this manuscript. WGS_SRA_accession (SRR28498774) already contains the data for this specimen.	SRR28498774	PZ224414
YPM-IZ-110878	Church et al. 2025	GoCBW1	Gulf of California	Mexico	Gulf of California	27.326667, -111.480000	6/9/2006	GoCBW1	Steve Haddock		high quality	sequenced	GoCBW1	10/16/23		SRR28498732	PZ224415
YPM-IZ-110879	Church et al. 2025	GoCBW2	Gulf of California	Mexico	Gulf of California	27.326667, -111.480000	6/9/2006	GoCBW2	Steve Haddock		excluded	sequenced	GoCBW2	10/16/23			
YPM-IZ-110880	Church et al. 2025	CWD-BI1	NW Atlantic	Northeast US	Block Island	41.149290, -71.481140	8/23/2023	CWD-BI1	Casey Dunn, Namrata Ahuja, Mary Beth Decker	RIDEM- Division of Marine Fisheries, scientific collectors permit:855	high quality	sequenced	CWD-BI1-1	10/16/23		SRR28498737	PZ224416
YPM-IZ-110881	Church et al. 2025	HI23BW1-16	Central Pacific	Hawai'i	Hawaii, Kona	19.666667, -156.083333	4/10/2023	HI23BW1-16	Steve Haddock		high quality	sequenced	HI23BW1-16	9/14/23		SRR28498731	PZ224417
YPM-IZ-110882	Church et al. 2025	HI23BW5-1	Central Pacific	Hawai'i	Hawaii, Kona	19.666667, -156.083333	4/10/2023	HI23BW5-1	Steve Haddock		high quality	sequenced	HI23BW5-1	8/17/23		SRR28498730	PZ224418
YPM-IZ-110883	Church et al. 2025	HI23BW5-2	Central Pacific	Hawai'i	Hawaii, Kona	19.666667, -156.083333	4/10/2023	HI23BW5-2	Steve Haddock		high quality	sequenced	HI23BW5-2	9/14/23		SRR28498729	PZ224419
YPM-IZ-110906	Church et al. 2025		Central Pacific	NW Hawaiian Islands		26.723056, -164.766667	8/23/2023		Jessica Perelman, Andrea Schmidt	Papahānaumokuākea Marine National Monument, PMNM-2023-001	high quality	sequenced	110906	10/30/23		SRR28498773	PZ224420
YPM-IZ-110907	Church et al. 2025		Central Pacific	NW Hawaiian Islands		26.080000, -176.470000	8/22/2023		Jessica Perelman, Andrea Schmidt	Papahānaumokuākea Marine National Monument, PMNM-2023-001	high quality	sequenced	110907	10/30/23		SRR28498772	PZ224421
YPM-IZ-110931	Church et al. 2025	JP8	NW Pacific	Japan	Fujisawa Enoshima (Nishi hama beach)	35.309561, 139.478820	5/19/2023	JP8	Gaku Yamamoto		high quality	sequenced	110931	11/17/23		SRR28498768	PZ224425
YPM-IZ-110937	Church et al. 2025	JP14	NW Pacific	Japan	Fujisawa Enoshima (Nishi hama beach)	35.309561, 139.478820	7/21/2023	JP14	Gaku Yamamoto		high quality	sequenced	110937	11/17/23		SRR28498765	PZ224427
YPM-IZ-110972	Church et al. 2025	1	NE Atlantic	Ireland	Near the Smugglers Inn, Waterville, Co. Kerry	51.83707, -10.19556	10/8/2023	1	Tom Doyle		high quality	sequenced	110972	11/17/23		SRR28498762	
YPM-IZ-110973	Church et al. 2025	2	NE Atlantic	Ireland	Near Dooley's Seafood & Steak House, Waterville, Co. Kerry	51.82789, -10.17463	10/8/2023	2	Tom Doyle		excluded	sequenced	110973	11/17/23			
YPM-IZ-111006	Church et al. 2025	1	W Indian	South Africa	Sodwana Bay, iSimangaliso Park, KwaZulu-Natal, South Africa	-27.539919, 32.678650	8/8/2023	1	Andy Coetze	Department of Fisheries, Forestry and Environment, amend RES2023-78	high quality	sequenced	111006	11/17/23		SRR28498761	PZ224430
YPM-IZ-111007	Church et al. 2025	2	W Indian	South Africa	Sodwana Bay, iSimangaliso Park, KwaZulu-Natal, South Africa	-27.539919, 32.678650	8/8/2023	2	Andy Coetze	Department of Fisheries, Forestry and Environment, amend RES2023-78	high quality	sequenced	111007	11/17/23		SRR28498760	PZ224431
YPM-IZ-111008	Church et al. 2025	3	W Indian	South Africa	Sodwana Bay, iSimangaliso Park, KwaZulu-Natal, South Africa	-27.539919, 32.678650	8/8/2023	3	Andy Coetze	Department of Fisheries, Forestry and Environment, amend RES2023-78	high quality	sequenced	111008	11/17/23		SRR28498759	PZ224432
YPM-IZ-111009	Church et al. 2025	4	W Indian	South Africa	Sodwana Bay, iSimangaliso Park, KwaZulu-Natal, South Africa	-27.539919, 32.678650	8/8/2023	4	Andy Coetze	Department of Fisheries, Forestry and Environment, amend RES2023-78	high quality	sequenced	111009	11/17/23		SRR28498758	PZ224433
YPM-IZ-111010	Church et al. 2025	5	W Indian	South Africa	Sodwana Bay, iSimangaliso Park, KwaZulu-Natal, South Africa	-27.539919, 32.678650	8/8/2023	5	Andy Coetze	Department of Fisheries, Forestry and Environment, amend RES2023-78	high quality	sequenced	111010	11/17/23		SRR28498757	PZ224434
OA-190531-1	Church et al. 2025	190531	SW Pacific	New South Wales	Bondi Beach	-33.891500, 151.276700	12/15/2019	190531	Ozren Bogdanovic		high quality	sequenced elsewhere					PZ224320
OA-Bluebottle	Church et al. 2025	GON10891	SW Pacific	New South Wales	Sydney	-33.920300, 151.258100	1/1/2022	GON10891	Ozren Bogdanovic		moderate quality	sequenced elsewhere					PZ224321
YPM-IZ-110925	Church et al. 2025	JP2	NW Pacific	Japan	Amami Oshima (Oohama beach)	28.404780, 129.454826	2/4/2023	JP2	Kosuke Uchiwa		high quality	sequenced	110925	12/28/23		SRR28498771	PZ224422
YPM-IZ-110926	Church et al. 2025	JP3	NW Pacific	Japan	Fujisawa Enoshima (Nishi hama beach)	35.309561, 139.478820	4/10/2023	JP3	Gaku Yamamoto		high quality	sequenced	110926	12/28/23		SRR28498770	PZ224423
YPM-IZ-110930	Church et al. 2025	JP7	NW Pacific	Japan	Fujisawa Enoshima (Nishi hama beach)	35.309561, 139.478820	4/30/2023	JP7	Gaku Yamamoto		high quality	sequenced	110930	12/28/23		SRR28498769	PZ224424
YPM-IZ-110933	Church et al. 2025	JP10	NW Pacific	Japan	Miura Misaki (Arai hama beach)	35.309701, 139.478831	7/20/2023	JP10	Kohei Oguchi		high quality	sequenced	110933	12/28/23		SRR28498767	PZ224426
YPM-IZ-110938	Church et al. 2025	JP15	NW Pacific	Japan	Miura Misaki (Arai hama beach)	35.309701, 139.478831	9/22/2023	JP15	Kohei Oguchi		high quality	sequenced	110938	12/28/23		SRR28498764	PZ224428
YPM-IZ-110943	Church et al. 2025	JP20	NW Pacific	Japan	Yoshio (in front of Umihaku)	35.134935, 140.284606	5/19/2023	JP20	Col. Hiroyuki Tachikawa,Fix. Kensuke Yanagi,Prov. Takato Izumi		high quality	sequenced	110943	12/28/23		SRR28498763	PZ224429
YPM-IZ-111012	Church et al. 2025	76	NW Atlantic	Bermuda		32.307800, -64.750500	3/8/2022	76	R. R. Helm	Bermuda Special Permit no. SP200501	high quality	sequenced	111012	12/28/23		SRR28498756	PZ224435
YPM-IZ-111013	Church et al. 2025	79	NW Atlantic	Bermuda		32.307800, -64.750500	3/8/2022	79	R. R. Helm	Bermuda Special Permit no. SP200501	high quality	sequenced	111013	12/28/23		SRR28498754	PZ224436
YPM-IZ-111014	Church et al. 2025	89	NW Atlantic	Bermuda		32.307800, -64.750500	3/9/2022	89	R. R. Helm	Bermuda Special Permit no. SP200501	high quality	sequenced	111014	12/28/23		SRR28498753	PZ224437
YPM-IZ-111015	Church et al. 2025	90	NW Atlantic	Bermuda		32.307800, -64.750500	3/9/2022	90	R. R. Helm	Bermuda Special Permit no. SP200501	excluded	sequenced	111015	12/28/23			
YPM-IZ-111016	Church et al. 2025	91	NW Atlantic	Bermuda		32.307800, -64.750500	3/9/2022	91	R. R. Helm	Bermuda Special Permit no. SP200501	high quality	sequenced	111016	12/28/23		SRR28498752	PZ224438
YPM-IZ-111017	Church et al. 2025	92	NW Atlantic	Bermuda		32.307800, -64.750500	3/9/2022	92	R. R. Helm	Bermuda Special Permit no. SP200501	high quality	sequenced	111017	12/28/23		SRR28498751	PZ224439
YPM-IZ-111018	Church et al. 2025	93	NW Atlantic	Bermuda		32.307800, -64.750500	3/9/2022	93	R. R. Helm	Bermuda Special Permit no. SP200501	high quality	sequenced	111018	12/28/23		SRR28498750	PZ224440
YPM-IZ-111019	Church et al. 2025	451	NW Atlantic	Bermuda		32.307800, -64.750500	3/12/2022	451	R. R. Helm	Bermuda Special Permit no. SP200501	excluded	sequenced	111019	12/28/23			
YPM-IZ-111156	Church et al. 2025		SW Pacific	Tasman Sea		-35.747000, 154.330000	10/16/2023	1	Amandine Schaeffer		high quality	sequenced		5/13/2024		SRR29478751	PZ224441
YPM-IZ-111157	Church et al. 2025		SW Pacific	Tasman Sea		-35.747000, 154.330000	10/16/2023	2	Amandine Schaeffer		high quality	sequenced		5/13/2024		SRR29478750	PZ224442
YPM-IZ-111158	Church et al. 2025		SW Pacific	Tasman Sea		-35.747000, 154.330000	10/16/2023	3	Amandine Schaeffer		high quality	sequenced		5/13/2024		SRR29478747	PZ224443
YPM-IZ-111159	Church et al. 2025		SW Pacific	Tasman Sea		-35.747000, 154.330000	10/16/2023	4	Amandine Schaeffer		high quality	sequenced		5/13/2024		SRR29478746	PZ224444
YPM-IZ-111160	Church et al. 2025		SW Pacific	Tasman Sea		-35.747000, 154.330000	10/16/2023	5	Amandine Schaeffer		high quality	sequenced		5/13/2024		SRR29478745	PZ224445
YPM-IZ-111163	Church et al. 2025		SW Pacific	New South Wales	Maroubra beach	-33.947500, 151.257361	3/18/2024		Amandine Schaeffer		high quality	sequenced		5/13/2024		SRR29478744	PZ224446
YPM-IZ-111207	Church et al. 2025	CWD_NZ31	SW Pacific	New Zealand	Te Henga	-36.895150, 174.443889	3/15/2024	CWDNZ24_031	Casey Dunn		high quality	sequenced		5/6/2024		SRR29478743	PZ224447
YPM-IZ-111208	Church et al. 2025	CWD_NZ32	SW Pacific	New Zealand	Te Henga	-36.895150, 174.443889	3/15/2024	CWDNZ24_032	Casey Dunn		high quality	sequenced		5/6/2024		SRR29478742	PZ224448
YPM-IZ-111209	Church et al. 2025	CWD_NZ33	SW Pacific	New Zealand	Te Henga	-36.895150, 174.443889	3/15/2024	CWDNZ24_033	Casey Dunn		high quality	sequenced		5/13/2024		SRR29478741	PZ224449
YPM-IZ-111210	Church et al. 2025	CWD_NZ34	SW Pacific	New Zealand	Te Henga	-36.895150, 174.443889	3/15/2024	CWDNZ24_034	Casey Dunn		high quality	sequenced		5/6/2024		SRR29478740	PZ224450
NIWA-173304	Church et al. 2025	CWD_NZ35	SW Pacific	New Zealand	Te Henga	-36.895150, 174.443889	3/15/2024	CWDNZ24_035	Casey Dunn		high quality	sequenced		5/6/2024		SRR29478749	PZ224318
NIWA-173305	Church et al. 2025	CWD_NZ36	SW Pacific	New Zealand	Te Henga	-36.895150, 174.443889	3/15/2024	CWDNZ24_036	Casey Dunn		high quality	sequenced		5/13/2024		SRR29478748	PZ224319
YPM-IZ-110434	Church et al. 2025	KBW-03	NW Atlantic	Florida	Key Biscayne, Hobie Bch.	25.741630, -80.175194	3/14/2023	KBW-03	L.M. Rojas		high quality	sequenced		5/22/2024		SRR31872658	PZ224366
YPM-IZ-110436	Church et al. 2025	CP-02	NW Atlantic	Florida	Key Biscayne, Crandon Park	25.705360, -80.152810	3/16/2023	CP-02	L.M. Rojas		high quality	sequenced		5/22/2024		SRR31872657	PZ224367
YPM-IZ-111241	Church et al. 2025	CWDNZ24_009	SW Pacific	New Zealand	Te Henga	-36.895150, 174.443889	3/15/2024	CWDNZ24_009	Casey Dunn		high quality	sequenced		07/25/2024		SRR31872648	PZ224453
YPM-IZ-111243	Church et al. 2025	CWDNZ24_011	SW Pacific	New Zealand	Te Henga	-36.895150, 174.443889	3/15/2024	CWDNZ24_011	Casey Dunn		high quality	sequenced		07/25/2024		SRR31872647	PZ224454
YPM-IZ-111495	Church et al. 2025	DDNZ24_006	SW Pacific	New Zealand	Baylys Beach	-35.954891, 173.744757	5/28/2024	DDNZ24_006	Dalila Destanovic		high quality	sequenced		07/25/2024		SRR31872646	PZ224457
YPM-IZ-111513	Church et al. 2025	DDNZ24_024	SW Pacific	New Zealand	Glinks Gully	-36.082526, 173.856312	5/29/2024	DDNZ24_024	Dalila Destanovic		high quality	sequenced		07/25/2024		SRR31872645	PZ224458
YPM-IZ-111514	Church et al. 2025	DDNZ24_025	SW Pacific	New Zealand	Glinks Gully	-36.082526, 173.856312	5/29/2024	DDNZ24_025	Dalila Destanovic		high quality	sequenced		9/30/2024		SRR31872644	PZ224459
YPM-IZ-111517	Church et al. 2025	DDNZ24_028	SW Pacific	New Zealand	Glinks Gully	-36.082526, 173.856312	5/30/2024	DDNZ24_028	Dalila Destanovic		high quality	sequenced		9/26/2024		SRR31872643	PZ224460
YPM-IZ-111518	Church et al. 2025	DDNZ24_029	SW Pacific	New Zealand	Glinks Gully	-36.082526, 173.856312	5/30/2024	DDNZ24_029	Dalila Destanovic		high quality	sequenced		9/26/2024		SRR31872642	PZ224461
YPM-IZ-111519	Church et al. 2025	DDNZ24_030	SW Pacific	New Zealand	Glinks Gully	-36.082526, 173.856312	5/30/2024	DDNZ24_030	Dalila Destanovic		high quality	sequenced		9/30/2024		SRR31872641	PZ224462
YPM-IZ-111520	Church et al. 2025	DDNZ24_031	SW Pacific	New Zealand	Glinks Gully	-36.082526, 173.856312	5/30/2024	DDNZ24_031	Dalila Destanovic		high quality	sequenced		9/26/2024		SRR31872656	PZ224463
YPM-IZ-111521	Church et al. 2025	DDNZ24_032	SW Pacific	New Zealand	Glinks Gully	-36.082526, 173.856312	5/30/2024	DDNZ24_032	Dalila Destanovic		high quality	sequenced		9/26/2024		SRR31872655	PZ224464
YPM-IZ-111529	Church et al. 2025	DDNZ24_040	SW Pacific	New Zealand	Baylys Beach	-35.954891, 173.744757	5/31/2024	DDNZ24_040	Dalila Destanovic		high quality	sequenced		9/26/2024		SRR31872654	PZ224465
YPM-IZ-111530	Church et al. 2025	DDNZ24_041	SW Pacific	New Zealand	Baylys Beach	-35.954891, 173.744757	5/31/2024	DDNZ24_041	Dalila Destanovic		high quality	sequenced		9/26/2024		SRR31872653	PZ224466
YPM-IZ-111539	Church et al. 2025	DDNZ24_050	SW Pacific	New Zealand	Baylys Beach	-35.954891, 173.744757	6/2/2024	DDNZ24_050	Dalila Destanovic		high quality	sequenced		9/26/2024		SRR31872652	PZ224467
YPM-IZ-111547	Church et al. 2025	HI NA 2	Central Pacific	Hawai'i	Kailua Beach Park	21.400790, -157.734500	4/5/2024	HI NA 2	Namrata Ahuja		high quality	sequenced		07/25/2024		SRR31872651	PZ224468
YPM-IZ-111839	Church et al. 2025	S238-015-NT     10/18/2024	Central Pacific	Central Pacific	Central Pacific	8.355000, -156.890000	11/24/2011	S238-015-NT	J. Witting, SEA		high quality	sequenced				SRR31872650	PZ224478
YPM-IZ-111840	Church et al. 2025	S238-013-NT     10/18/2024	Central Pacific	Central Pacific	Central Pacific	9.521700, -157.425000	11/23/2011	S238-013-NT	J. Witting, SEA		high quality	sequenced				SRR31872649	PZ224479
SEA2025-Ph201	this study	S321-006-NT	SW Pacific	Chatham Rise	Chatham Rise	-44.379, -174.7119	4/12/2025	S321-006-NT	Kayla Gardner		ONT	sequenced elsewhere				SRR40085779	
SEA2025-Ph203	this study	S321-008-NT	SW Pacific	Chatham Rise	Chatham Rise	-44.1875, -172.0034	4/13/2025	S321-008-NT	Kayla Gardner		ONT	sequenced elsewhere				SRR40085778	
SEA2025-Ph209	this study	S321-009-NT	SW Pacific	Chatham Rise	Chatham Rise	-44.1278, -170.5246	4/13/2025	S321-009-NT	Matt Bihrle		ONT	sequenced elsewhere				SRR40085767	
SEA2025-Ph211	this study	S321-009-NT	SW Pacific	Chatham Rise	Chatham Rise	-44.1278, -170.5246	4/13/2025	S321-009-NT	Charlotte Subak		ONT	sequenced elsewhere				SRR40085756	
SEA2025-Ph214	this study	S321-010-NT	SW Pacific	Chatham Rise	Chatham Rise	-44.1484, -168.6386	4/14/2025	S321-010-NT	Kayla Gardner		ONT	sequenced elsewhere				SRR40085745	
SEA2025-Ph218	this study	S321-010-NT	SW Pacific	Chatham Rise	Chatham Rise	-44.1484, -168.6386	4/14/2025	S321-010-NT	Ella Skonieczny		ONT	sequenced elsewhere				SRR40085734	
SEA2025-Ph221	this study	S321-010-NT	SW Pacific	Chatham Rise	Chatham Rise	-44.1484, -168.6386	4/14/2025	S321-010-NT	Resh Mukherjee		ONT	sequenced elsewhere				SRR40085727	
SEA2025-Ph225	this study	S321-010-NT	SW Pacific	Chatham Rise	Chatham Rise	-44.1484, -168.6386	4/14/2025	S321-010-NT	Resh Mukherjee		ONT	sequenced elsewhere				SRR40085726	
SEA2025-Ph227	this study	S321-010-NT	SW Pacific	Chatham Rise	Chatham Rise	-44.1484, -168.6386	4/14/2025	S321-010-NT	Andrew Patterson		ONT	sequenced elsewhere				SRR40085725	
SEA2025-Ph233	this study	S321-010-NT	SW Pacific	Chatham Rise	Chatham Rise	-44.1484, -168.6386	4/14/2025	S321-010-NT	Andrew Patterson		ONT	sequenced elsewhere				SRR40085724	
SEA2025-Ph239	this study	S321-013-NT	SW Pacific	SSPG	SSPG	-42.0516, -163.6116	4/15/2025	S321-013-NT	Kayla Gardner		ONT	sequenced elsewhere				SRR40085777	
SEA2025-Ph240	this study	S321-013-NT	SW Pacific	SSPG	SSPG	-42.0516, -163.6116	4/15/2025	S321-013-NT	Kayla Gardner		ONT	sequenced elsewhere				SRR40085776	
SEA2025-Ph250	this study	S321-015-NT	SW Pacific	SSPG	SSPG	-40.913, -160.7361	4/18/2025	S321-015-NT	Kayla Gardner		ONT	sequenced elsewhere				SRR40085775	
SEA2025-Ph252	this study	S321-016-NT	SW Pacific	SSPG	SSPG	-39.997, -159.8781	4/16/2025	S321-016-NT	Gabriela Carttar		ONT	sequenced elsewhere				SRR40085774	
SEA2025-Ph255	this study	S321-017-NT	SW Pacific	SSPG	SSPG	-38.9942, -159.2183	4/17/2025	S321-017-NT	Robin Muse		ONT	sequenced elsewhere				SRR40085773	
SEA2025-Ph256	this study	S321-017-NT	SW Pacific	SSPG	SSPG	-38.9942, -159.2183	4/17/2025	S321-017-NT	Robin Muse		ONT	sequenced elsewhere				SRR40085772	
SEA2025-Ph259	this study	S321-017-NT	SW Pacific	SSPG	SSPG	-38.9942, -159.2183	4/17/2025	S321-017-NT	Robin Muse		ONT	sequenced elsewhere				SRR40085771	
SEA2025-Ph262	this study	S321-019-NT	SW Pacific	SSPG	SSPG	-38.086, -158.1278	4/18/2025	S321-019-NT	Britney Durward		ONT	sequenced elsewhere				SRR40085770	
SEA2025-Ph264	this study	S321-019-NT	SW Pacific	SSPG	SSPG	-38.086, -158.1278	4/18/2025	S321-019-NT	Britney Durward		ONT	sequenced elsewhere				SRR40085769	
SEA2025-Ph265	this study	S321-019-NT	SW Pacific	SSPG	SSPG	-38.086, -158.1278	4/18/2025	S321-019-NT	Kayla Gardner		ONT	sequenced elsewhere				SRR40085768	
SEA2025-Ph268	this study	S321-020-NT	SW Pacific	SSPG	SSPG	-37.8622, -157.3125	4/18/2025	S321-020-NT	Charlotte Subak		ONT	sequenced elsewhere				SRR40085766	
SEA2025-Ph270	this study	S321-021-NT	SW Pacific	SSPG	SSPG	-37.7368, -155.9019	4/19/2025	S321-021-NT	Georgia Akins		ONT	sequenced elsewhere				SRR40085765	
SEA2025-Ph271	this study	S321-023-NT	SW Pacific	SSPG	SSPG	-37.6771, -152.8922	4/20/2025	S321-023-NT	Robin Muse		ONT	sequenced elsewhere				SRR40085764	
SEA2025-Ph272	this study	S321-023-NT	SW Pacific	SSPG	SSPG	-37.6771, -152.8922	4/20/2025	S321-023-NT	Olivia Hines		ONT	sequenced elsewhere				SRR40085763	
SEA2025-Ph273	this study	S321-023-NT	SW Pacific	SSPG	SSPG	-37.6771, -152.8922	4/20/2025	S321-023-NT	Henry Penfold		ONT	sequenced elsewhere				SRR40085762	
SEA2025-Ph276	this study	S321-024-DN	SW Pacific	SSPG	SSPG	-37.6739, -152.4066	4/20/2025	S321-024-DN	Henry Penfold		ONT	sequenced elsewhere				SRR40085761	
SEA2025-Ph277	this study	S321-030-NT	SW Pacific	CSPG	CSPG	-33.2307, -150.657	4/23/2025	S321-030-NT	Robin Muse		ONT	sequenced elsewhere				SRR40085760	
SEA2025-Ph278	this study	S321-031-NT	SW Pacific	CSPG		-32.8461, -151.887	4/23/2025	S321-031-NT	Aimee Bouquet		ONT	sequenced elsewhere				SRR40085759	
WAM-Z97909	this study	WA 10	E Indian	Western Australia	North Beach, Perth	-31.855786, 115.751741	4/19/2019	WA 10	N. G. Wilson, N. Tatarnic		high quality	sequenced				SRR40085758, SRR40085757	PZ224335
YPM-IZ-111220	this study	CWDNZ24_047	SW Pacific	New Zealand	Foxton Beach	-40.45818413, 175.2148364	3/18/2024	CWDNZ24_047	Casey Dunn		high quality	sequenced				SRR40085755	PZ224451
YPM-IZ-111231	this study	CWDNZ24_059	SW Pacific	New Zealand	Lyall Bay	-41.32846437, 174.8017393	3/19/2024	CWDNZ24_059	Casey Dunn		high quality	sequenced				SRR40085754, SRR40085753	PZ224452
YPM-IZ-111256	this study	Breaker Bay 5	SW Pacific	New Zealand	Wellington, NZ	-41.330278, 174.831944	1/1/2024	Breaker Bay 5	Chris Simon		high quality	sequenced				SRR40085752, SRR40085751	PZ224455
YPM-IZ-111261	this study	Breaker Bay 10	SW Pacific	New Zealand	Wellington, NZ	-41.330278, 174.831944	3/6/2024	Breaker Bay 10	Chris Simon		high quality	sequenced				SRR40085750, SRR40085749	PZ224456
YPM-IZ-111759	this study	S314_011_NT	SW Pacific	SW Pacific	SW Pacific	-42.9904, -171.8936	4/4/2024	S314_011_NT	Sarah Kingston		high quality	sequenced				SRR40085748, SRR40085747	PZ224469
YPM-IZ-111760	this study	S314_011_NT	SW Pacific	SW Pacific	SW Pacific	-42.9904, -171.8936	4/4/2024	S314_011_NT	Sarah Kingston		high quality	sequenced				SRR40085746, SRR40085744	
YPM-IZ-111806	this study	S314_022_NT	SW Pacific	SW Pacific	SW Pacific	-40.7571, -160.2461	4/10/2024	S314_022_NT	Sarah Kingston		high quality	sequenced				SRR40085743	PZ224470
YPM-IZ-111813	this study	S314_024_NT	SW Pacific	SW Pacific	SW Pacific	-40.3934, -157.4145	4/11/2024	S314_024_NT	Sarah Kingston		high quality	sequenced				SRR40085742	PZ224471
YPM-IZ-111814	this study	S314_030_NT	SW Pacific	SW Pacific	SW Pacific	-39.9432, -150.5674	4/14/2024	S314_030_NT	Sarah Kingston		high quality	sequenced				SRR40085741	PZ224472
YPM-IZ-111816	this study	S314_030_NT	SW Pacific	SW Pacific	SW Pacific	-39.9432, -150.5674	4/14/2024	S314_030_NT	Sarah Kingston		high quality	sequenced				SRR40085740	PZ224473
YPM-IZ-111819	this study	S314_032_NT	SW Pacific	SW Pacific	SW Pacific	-39.4507, -147.9547	4/15/2024	S314_032_NT	Sarah Kingston		high quality	sequenced				SRR40085739, SRR40085738	PZ224474
YPM-IZ-111820	this study	S314_033_NT	SW Pacific	SW Pacific	SW Pacific	-39.0466, -146.9608	4/15/2024	S314_033_NT	Sarah Kingston		high quality	sequenced				SRR40085737, SRR40085736	PZ224475
YPM-IZ-111822	this study	S314_034_NT	SW Pacific	SW Pacific	SW Pacific	-38.5976, -145.8245	4/16/2024	S314_034_NT	Sarah Kingston		high quality	sequenced				SRR40085735	PZ224476
YPM-IZ-111825	this study	S314_036_NT	SW Pacific	SW Pacific	SW Pacific	-38.4242, -143.9851	4/17/2024	S314_036_NT	Sarah Kingston		high quality	sequenced				SRR40085733	PZ224477
YPM-IZ-115980	this study		S Atlantic	Saint Helena	Sandy Beach	-16.003892, -5.714589	1/13/2026	20260113_U	Casey W. Dunn	Research licence pursuant to St Helena Research Policy (2025) issued to Casey Dunn, St Helena Research Institute	high quality	sequenced	DunnLab001269	2/15/2026		SRR40085732	PZ224482
YPM-IZ-115977	this study		S Atlantic	Saint Helena	Sandy Beach	-16.003892, -5.714589	9/24/2025	AR1	Adam Riggs	Research licence pursuant to St Helena Research Policy (2025) issued to Casey Dunn, St Helena Research Institute	high quality	sequenced	DunnLab001264	2/15/2026		SRR40085731	PZ224480
YPM-IZ-115978	this study		S Atlantic	Saint Helena	Sandy Beach	-16.003892, -5.714589	9/24/2025	AR2	Adam Riggs	Research licence pursuant to St Helena Research Policy (2025) issued to Casey Dunn, St Helena Research Institute	high quality	sequenced	DunnLab001265	2/15/2026		SRR40085730	PZ224481
YPM-IZ-115990	this study		S Atlantic	Saint Helena	Sandy Beach	-16.003892, -5.714589	1/13/2026	20260113_Q	Casey W. Dunn	Research licence pursuant to St Helena Research Policy (2025) issued to Casey Dunn, St Helena Research Institute	high quality	sequenced	DunnLab001279	2/15/2026		SRR40085729	PZ224483
YPM-IZ-116019	this study	20260119_K	S Atlantic	Saint Helena	Sandy Beach	-16.003892, -5.714589	1/19/2026	20260119_K	Casey W. Dunn	Research licence pursuant to St Helena Research Policy (2025) issued to Casey Dunn, St Helena Research Institute	high quality	sequenced	DunnLab001312	2/15/2026		SRR40085728	PZ224484
