accession	geo_loc_name	lat_lon	organism
AB377546.1	Pacific Ocean		Physalia physalis
AF358065.1			Physalia physalis
AF358066.1			Physalia utriculus
AY512511.1			Physalia utriculus
AY935284.1			Physalia physalis
AY935286.1			Rhizophysa filiformis
AY935309.1			Rhizophysa eysenhardtii
AY937327.1			Rhizophysa filiformis
AY937351.1			Rhizophysa eysenhardtii
AY937374.1			Physalia physalis
AY937377.1			Rhizophysa filiformis
FJ847271.1	New Zealand		Physalia sp. DRP-2009
FJ847272.1	New Zealand		Physalia sp. DRP-2009
FJ847273.1	New Zealand		Physalia sp. DRP-2009
FJ847274.1	New Zealand		Physalia sp. DRP-2009
FJ847275.1	New Zealand		Physalia sp. DRP-2009
FJ847276.1	New Zealand		Physalia sp. DRP-2009
FJ847277.1	New Zealand		Physalia sp. DRP-2009
FJ847278.1	New Zealand		Physalia sp. DRP-2009
FJ847279.1	New Zealand		Physalia sp. DRP-2009
FJ847280.1	New Zealand		Physalia sp. DRP-2009
FJ847281.1	New Zealand		Physalia sp. DRP-2009
FJ847282.1	New Zealand		Physalia sp. DRP-2009
FJ847283.1	New Zealand		Physalia sp. DRP-2009
FJ847284.1	New Zealand		Physalia sp. DRP-2009
FJ847285.1	New Zealand		Physalia sp. DRP-2009
FJ847286.1	New Zealand		Physalia sp. DRP-2009
FJ847287.1	New Zealand		Physalia sp. DRP-2009
FJ847288.1	New Zealand		Physalia sp. DRP-2009
FJ847289.1	New Zealand		Physalia sp. DRP-2009
FJ847290.1	New Zealand		Physalia sp. DRP-2009
FJ847291.1	New Zealand		Physalia sp. DRP-2009
FJ847292.1	New Zealand		Physalia sp. DRP-2009
FJ847293.1	New Zealand		Physalia sp. DRP-2009
FJ847294.1	New Zealand		Physalia sp. DRP-2009
FJ847295.1	New Zealand		Physalia sp. DRP-2009
FJ847296.1	New Zealand		Physalia sp. DRP-2009
FJ847297.1	New Zealand		Physalia sp. DRP-2009
FJ847298.1	New Zealand		Physalia sp. DRP-2009
FJ847299.1	New Zealand		Physalia sp. DRP-2009
FJ847300.1	New Zealand		Physalia sp. DRP-2009
FJ847301.1	New Zealand		Physalia sp. DRP-2009
FJ847302.1	Australia		Physalia sp. DRP-2009
FJ847303.1	Australia		Physalia sp. DRP-2009
FJ847304.1	Australia		Physalia sp. DRP-2009
FJ847305.1	Australia		Physalia sp. DRP-2009
FJ847306.1	Australia		Physalia sp. DRP-2009
FJ847307.1	Australia		Physalia sp. DRP-2009
FJ847308.1	Australia		Physalia sp. DRP-2009
FJ847309.1	New Zealand		Physalia sp. DRP-2009
FJ847310.1	New Zealand		Physalia sp. DRP-2009
FJ847311.1	New Zealand		Physalia sp. DRP-2009
FJ847312.1	New Zealand		Physalia sp. DRP-2009
FJ847313.1	New Zealand		Physalia sp. DRP-2009
FJ847314.1	New Zealand		Physalia sp. DRP-2009
FJ847315.1	New Zealand		Physalia sp. DRP-2009
FJ847316.1	New Zealand		Physalia sp. DRP-2009
FJ847317.1	New Zealand		Physalia sp. DRP-2009
FJ847318.1	New Zealand		Physalia sp. DRP-2009
FJ847319.1	New Zealand		Physalia sp. DRP-2009
FJ847320.1	New Zealand		Physalia sp. DRP-2009
FJ847321.1	New Zealand		Physalia sp. DRP-2009
FJ847322.1	New Zealand		Physalia sp. DRP-2009
FJ916936.1	New Zealand		Physalia sp. DRP-2009
FJ916937.1	New Zealand		Physalia sp. DRP-2009
FJ916938.1	New Zealand		Physalia sp. DRP-2009
FJ916939.1	New Zealand		Physalia sp. DRP-2009
FJ916940.1	New Zealand		Physalia sp. DRP-2009
FJ916941.1	New Zealand		Physalia sp. DRP-2009
FJ916942.1	New Zealand		Physalia sp. DRP-2009
FJ916943.1	New Zealand		Physalia sp. DRP-2009
FJ916944.1	New Zealand		Physalia sp. DRP-2009
FJ916945.1	New Zealand		Physalia sp. DRP-2009
FJ916946.1	New Zealand		Physalia sp. DRP-2009
FJ916947.1	New Zealand		Physalia sp. DRP-2009
FJ916948.1	New Zealand		Physalia sp. DRP-2009
FJ916949.1	New Zealand		Physalia sp. DRP-2009
FJ916950.1	New Zealand		Physalia sp. DRP-2009
FJ916951.1	New Zealand		Physalia sp. DRP-2009
FJ916952.1	New Zealand		Physalia sp. DRP-2009
FJ916953.1	New Zealand		Physalia sp. DRP-2009
FJ916954.1	New Zealand		Physalia sp. DRP-2009
FJ916955.1	New Zealand		Physalia sp. DRP-2009
FJ916956.1	New Zealand		Physalia sp. DRP-2009
FJ916957.1	New Zealand		Physalia sp. DRP-2009
FJ916958.1	New Zealand		Physalia sp. DRP-2009
FJ916959.1	New Zealand		Physalia sp. DRP-2009
FJ916960.1	New Zealand		Physalia sp. DRP-2009
FJ916961.1	New Zealand		Physalia sp. DRP-2009
FJ916962.1	New Zealand		Physalia sp. DRP-2009
FJ916963.1	New Zealand		Physalia sp. DRP-2009
FJ916964.1	New Zealand		Physalia sp. DRP-2009
FJ916965.1	New Zealand		Physalia sp. DRP-2009
FJ916966.1	New Zealand		Physalia sp. DRP-2009
FJ916967.1	New Zealand		Physalia sp. DRP-2009
FJ916968.1	New Zealand		Physalia sp. DRP-2009
FJ916969.1	New Zealand		Physalia sp. DRP-2009
FJ916970.1	New Zealand		Physalia sp. DRP-2009
FJ916971.1	New Zealand		Physalia sp. DRP-2009
FJ916972.1	New Zealand		Physalia sp. DRP-2009
FJ916973.1	New Zealand		Physalia sp. DRP-2009
FJ916974.1	New Zealand		Physalia sp. DRP-2009
FJ916975.1	Australia		Physalia sp. DRP-2009
FJ916976.1	Australia		Physalia sp. DRP-2009
FJ916977.1	Australia		Physalia sp. DRP-2009
FJ916978.1	Australia		Physalia sp. DRP-2009
FJ916979.1	Australia		Physalia sp. DRP-2009
FJ916980.1	Australia		Physalia sp. DRP-2009
FJ916981.1	Australia		Physalia sp. DRP-2009
FJ916982.1	New Zealand		Physalia sp. DRP-2009
FJ916983.1	New Zealand		Physalia sp. DRP-2009
FJ916984.1	New Zealand		Physalia sp. DRP-2009
FJ916985.1	New Zealand		Physalia sp. DRP-2009
FJ916986.1	New Zealand		Physalia sp. DRP-2009
FJ916987.1	New Zealand		Physalia sp. DRP-2009
FJ916988.1	New Zealand		Physalia sp. DRP-2009
FJ916989.1	New Zealand		Physalia sp. DRP-2009
GQ120032.1		30.37 N 88.88 W	Physalia physalis
GQ120033.1		30.37 N 88.88 W	Physalia physalis
GQ120034.1		19.76 N 54.61 W	Physalia sp. BO-2009
GQ120038.1		33.05 N 75.03 W	Rhizophysa eysenhardtii
GQ120039.1		30.00 N 70.03 W	Rhizophysa eysenhardtii
GQ120040.1		19.82 N 54.48 W	Rhizophysa eysenhardtii
GQ120041.1		24.84 N 60.14 W	Rhizophysa filiformis
KT809328.1			Physalia physalis
KT809335.1			Rhizophysa eysenhardtii
LN901209.1			Physalia physalis
MK084614.1	Pakistan		Physalia physalis
MW277724.1	USA: Hawaii, Oahu, Kaneohe Bay, NW of Sand Island	21.4854 N 157.8281 W	Physalia physalis
NC_080941.1	Atlantic Ocean	40.31 N 68.14 W	Rhizophysa filiformis
NC_080942.1	Pacific Ocean	24.32 N 109.20 W	Rhizophysa eysenhardtii
OQ957199.1	Atlantic Ocean	40.31 N 68.14 W	Rhizophysa filiformis
OQ957206.1	Pacific Ocean	24.32 N 109.20 W	Rhizophysa eysenhardtii
OQ957220.1	Pacific Ocean	13.428000 N 144.799000 W	Physalia sp.
PQ851682.1	India: Alappuzha, Kerala	9.4978 N 76.3161 E	Physalia physalis
PV452818.1	Japan: Miyagi Prefecture, Sendai, Sendai Bay	38.2564 N 141.0158 E	Physalia mikazuki
PV452819.1	Japan: Miyagi Prefecture, Sendai, Sendai Bay	38.2564 N 141.0158 E	Physalia mikazuki
PV452820.1	Japan: Miyagi Prefecture, Sendai, Sendai Bay	38.2564 N 141.0158 E	Physalia mikazuki
PV452821.1	Japan: Miyagi Prefecture, Sendai, Sendai Bay	38.2564 N 141.0158 E	Physalia mikazuki
PV452822.1	Japan: Okinawa Prefecture, Kunigami District, Onna	26.468087 N 127.826787 E	Physalia sp.
PV452823.1	Japan: Okinawa Prefecture, Kunigami District, Onna	26.468087 N 127.826787 E	Physalia sp.
PV469480.1	Japan: Miyagi Prefecture, Sendai, Sendai Bay	38.2564 N 141.0158 E	Physalia mikazuki
PV469481.1	Japan: Miyagi Prefecture, Sendai, Sendai Bay	38.2564 N 141.0158 E	Physalia mikazuki
PV469482.1	Japan: Miyagi Prefecture, Sendai, Sendai Bay	38.2564 N 141.0158 E	Physalia mikazuki
PV469483.1	Japan: Miyagi Prefecture, Sendai, Sendai Bay	38.2564 N 141.0158 E	Physalia mikazuki
PV469484.1	Japan: Okinawa Prefecture, Kunigami District, Onna	26.468087 N 127.826787 E	Physalia sp.
PV469485.1	Japan: Okinawa Prefecture, Kunigami District, Onna	26.468087 N 127.826787 E	Physalia sp.
PX372070.1	USA: Florida, Gulf Stream, 6-7 miles east of Palm Beach		Rhizophysa filiformis
PX372071.1	USA: Florida, Gulf Stream, 6-7 miles east of Palm Beach		Physalia physalis
PX372075.1	USA: Florida, Gulf Stream, 6-7 miles east of Palm Beach		Rhizophysa eysenhardtii
PX372076.1	USA: Florida, Gulf Stream, 6-7 miles east of Palm Beach		Rhizophysa eysenhardtii
PX372077.1	USA: Florida, Gulf Stream, 6-7 miles east of Palm Beach		Rhizophysa eysenhardtii
PX372078.1	USA: Florida, Gulf Stream, 6-7 miles east of Palm Beach		Rhizophysa eysenhardtii
PX372079.1	USA: Florida, Gulf Stream, 6-7 miles east of Palm Beach		Rhizophysa eysenhardtii
