tree	tip
16S	AY512511.1
16S	AY935284.1
16S	AY935286.1
16S	AY935309.1
16S	FM-16644
16S	NIWA-173304
16S	OA-190531-1
16S	OA-Bluebottle
16S	TMAG-K5632
16S	WAM-Z88480
16S	WAM-Z97900
16S	WAM-Z97901
16S	WAM-Z97902
16S	WAM-Z97903
16S	WAM-Z97906
16S	WAM-Z97907
16S	WAM-Z97908
16S	WAM-Z97910
16S	WAM-Z97911
16S	WAM-Z97914
16S	WAM-Z97916
16S	WAM-Z97917
16S	WAM-Z97920
16S	WAM-Z97921
16S	WAM-Z97923
16S	YPM-IZ-104460
16S	YPM-IZ-104461
16S	YPM-IZ-104464
16S	YPM-IZ-104465
16S	YPM-IZ-106919
16S	YPM-IZ-106920
16S	YPM-IZ-106923
16S	YPM-IZ-106936
16S	YPM-IZ-106954
16S	YPM-IZ-106958
16S	YPM-IZ-110264
16S	YPM-IZ-110268
16S	YPM-IZ-110269
16S	YPM-IZ-110276
16S	YPM-IZ-110277
16S	YPM-IZ-110278
16S	YPM-IZ-110433
16S	YPM-IZ-110434
16S	YPM-IZ-110438
16S	YPM-IZ-110443
16S	YPM-IZ-110460
16S	YPM-IZ-110467
16S	YPM-IZ-110468
16S	YPM-IZ-110469
16S	YPM-IZ-110470
16S	YPM-IZ-110471
16S	YPM-IZ-110473
16S	YPM-IZ-110474
16S	YPM-IZ-110480
16S	YPM-IZ-110515
16S	YPM-IZ-110520
16S	YPM-IZ-110526
16S	YPM-IZ-110556
16S	YPM-IZ-110557
16S	YPM-IZ-110558
16S	YPM-IZ-110566
16S	YPM-IZ-110569
16S	YPM-IZ-110600
16S	YPM-IZ-110602
16S	YPM-IZ-110605
16S	YPM-IZ-110612
16S	YPM-IZ-110613
16S	YPM-IZ-110616
16S	YPM-IZ-110631
16S	YPM-IZ-110633
16S	YPM-IZ-110667
16S	YPM-IZ-110694
16S	YPM-IZ-110716
16S	YPM-IZ-110726
16S	YPM-IZ-110738
16S	YPM-IZ-110777
16S	YPM-IZ-110780
16S	YPM-IZ-110785
16S	YPM-IZ-110786
16S	YPM-IZ-110828
16S	YPM-IZ-110829
16S	YPM-IZ-110842
16S	YPM-IZ-110843
16S	YPM-IZ-110844
16S	YPM-IZ-110845
16S	YPM-IZ-110846
16S	YPM-IZ-110847
16S	YPM-IZ-110876
16S	YPM-IZ-110878
16S	YPM-IZ-110881
16S	YPM-IZ-110882
16S	YPM-IZ-110883
16S	YPM-IZ-110906
16S	YPM-IZ-110907
16S	YPM-IZ-110925
16S	YPM-IZ-110926
16S	YPM-IZ-110930
16S	YPM-IZ-110931
16S	YPM-IZ-110933
16S	YPM-IZ-110937
16S	YPM-IZ-110938
16S	YPM-IZ-110943
16S	YPM-IZ-110972
16S	YPM-IZ-111006
16S	YPM-IZ-111007
16S	YPM-IZ-111008
16S	YPM-IZ-111009
16S	YPM-IZ-111010
16S	YPM-IZ-111012
16S	YPM-IZ-111013
16S	YPM-IZ-111014
16S	YPM-IZ-111016
16S	YPM-IZ-111017
16S	YPM-IZ-111018
16S	YPM-IZ-111156
16S	YPM-IZ-111158
16S	YPM-IZ-111159
16S	YPM-IZ-111160
16S	YPM-IZ-111163
16S	YPM-IZ-111207
16S	YPM-IZ-111208
16S	YPM-IZ-111209
16S	YPM-IZ-111210
16S	YPM-IZ-111241
16S	YPM-IZ-111243
16S	YPM-IZ-111495
16S	YPM-IZ-111513
16S	YPM-IZ-111514
16S	YPM-IZ-111517
16S	YPM-IZ-111518
16S	YPM-IZ-111519
16S	YPM-IZ-111520
16S	YPM-IZ-111521
16S	YPM-IZ-111529
16S	YPM-IZ-111530
16S	YPM-IZ-111539
16S	YPM-IZ-111547
16S	YPM-IZ-111839
18S	AF358065.1
18S	AF358066.1
18S	AY937327.1
18S	AY937351.1
18S	FM-16644
18S	NIWA-173304
18S	NIWA-173305
18S	OA-190531-1
18S	OA-Bluebottle
18S	TMAG-K5632
18S	TMAG-K5633
18S	TMAG-K5634
18S	TMAG-K5635
18S	TMAG-K5636
18S	WAM-Z88480
18S	WAM-Z97900
18S	WAM-Z97901
18S	WAM-Z97902
18S	WAM-Z97903
18S	WAM-Z97906
18S	WAM-Z97907
18S	WAM-Z97908
18S	WAM-Z97910
18S	WAM-Z97911
18S	WAM-Z97914
18S	WAM-Z97916
18S	WAM-Z97917
18S	WAM-Z97920
18S	WAM-Z97921
18S	WAM-Z97923
18S	YPM-IZ-104460
18S	YPM-IZ-104461
18S	YPM-IZ-104464
18S	YPM-IZ-104465
18S	YPM-IZ-106919
18S	YPM-IZ-106920
18S	YPM-IZ-106923
18S	YPM-IZ-106935
18S	YPM-IZ-106936
18S	YPM-IZ-106937
18S	YPM-IZ-106941
18S	YPM-IZ-106943
18S	YPM-IZ-106954
18S	YPM-IZ-106958
18S	YPM-IZ-110251
18S	YPM-IZ-110254
18S	YPM-IZ-110264
18S	YPM-IZ-110268
18S	YPM-IZ-110269
18S	YPM-IZ-110276
18S	YPM-IZ-110277
18S	YPM-IZ-110278
18S	YPM-IZ-110433
18S	YPM-IZ-110434
18S	YPM-IZ-110436
18S	YPM-IZ-110438
18S	YPM-IZ-110443
18S	YPM-IZ-110460
18S	YPM-IZ-110467
18S	YPM-IZ-110468
18S	YPM-IZ-110469
18S	YPM-IZ-110470
18S	YPM-IZ-110471
18S	YPM-IZ-110473
18S	YPM-IZ-110474
18S	YPM-IZ-110480
18S	YPM-IZ-110515
18S	YPM-IZ-110520
18S	YPM-IZ-110526
18S	YPM-IZ-110556
18S	YPM-IZ-110557
18S	YPM-IZ-110558
18S	YPM-IZ-110566
18S	YPM-IZ-110569
18S	YPM-IZ-110600
18S	YPM-IZ-110602
18S	YPM-IZ-110605
18S	YPM-IZ-110612
18S	YPM-IZ-110613
18S	YPM-IZ-110616
18S	YPM-IZ-110631
18S	YPM-IZ-110633
18S	YPM-IZ-110667
18S	YPM-IZ-110694
18S	YPM-IZ-110716
18S	YPM-IZ-110726
18S	YPM-IZ-110738
18S	YPM-IZ-110777
18S	YPM-IZ-110780
18S	YPM-IZ-110785
18S	YPM-IZ-110786
18S	YPM-IZ-110828
18S	YPM-IZ-110829
18S	YPM-IZ-110830
18S	YPM-IZ-110842
18S	YPM-IZ-110843
18S	YPM-IZ-110844
18S	YPM-IZ-110845
18S	YPM-IZ-110846
18S	YPM-IZ-110847
18S	YPM-IZ-110876
18S	YPM-IZ-110877
18S	YPM-IZ-110878
18S	YPM-IZ-110880
18S	YPM-IZ-110881
18S	YPM-IZ-110882
18S	YPM-IZ-110883
18S	YPM-IZ-110906
18S	YPM-IZ-110907
18S	YPM-IZ-110925
18S	YPM-IZ-110926
18S	YPM-IZ-110930
18S	YPM-IZ-110931
18S	YPM-IZ-110933
18S	YPM-IZ-110937
18S	YPM-IZ-110938
18S	YPM-IZ-110943
18S	YPM-IZ-110972
18S	YPM-IZ-111006
18S	YPM-IZ-111007
18S	YPM-IZ-111008
18S	YPM-IZ-111009
18S	YPM-IZ-111010
18S	YPM-IZ-111012
18S	YPM-IZ-111013
18S	YPM-IZ-111014
18S	YPM-IZ-111016
18S	YPM-IZ-111017
18S	YPM-IZ-111018
18S	YPM-IZ-111156
18S	YPM-IZ-111157
18S	YPM-IZ-111158
18S	YPM-IZ-111159
18S	YPM-IZ-111160
18S	YPM-IZ-111163
18S	YPM-IZ-111207
18S	YPM-IZ-111208
18S	YPM-IZ-111209
18S	YPM-IZ-111210
18S	YPM-IZ-111241
18S	YPM-IZ-111243
18S	YPM-IZ-111495
18S	YPM-IZ-111513
18S	YPM-IZ-111514
18S	YPM-IZ-111517
18S	YPM-IZ-111518
18S	YPM-IZ-111519
18S	YPM-IZ-111520
18S	YPM-IZ-111521
18S	YPM-IZ-111529
18S	YPM-IZ-111530
18S	YPM-IZ-111539
18S	YPM-IZ-111547
18S	YPM-IZ-111839
18S	YPM-IZ-111840
CO1	AY937374.1
CO1	AY937377.1
CO1	FJ916936.1
CO1	FJ916937.1
CO1	FJ916938.1
CO1	FJ916939.1
CO1	FJ916940.1
CO1	FJ916941.1
CO1	FJ916942.1
CO1	FJ916943.1
CO1	FJ916944.1
CO1	FJ916945.1
CO1	FJ916946.1
CO1	FJ916947.1
CO1	FJ916948.1
CO1	FJ916949.1
CO1	FJ916950.1
CO1	FJ916951.1
CO1	FJ916952.1
CO1	FJ916953.1
CO1	FJ916954.1
CO1	FJ916955.1
CO1	FJ916956.1
CO1	FJ916957.1
CO1	FJ916958.1
CO1	FJ916959.1
CO1	FJ916960.1
CO1	FJ916961.1
CO1	FJ916962.1
CO1	FJ916963.1
CO1	FJ916964.1
CO1	FJ916965.1
CO1	FJ916966.1
CO1	FJ916967.1
CO1	FJ916968.1
CO1	FJ916969.1
CO1	FJ916970.1
CO1	FJ916971.1
CO1	FJ916972.1
CO1	FJ916973.1
CO1	FJ916974.1
CO1	FJ916975.1
CO1	FJ916976.1
CO1	FJ916977.1
CO1	FJ916978.1
CO1	FJ916979.1
CO1	FJ916980.1
CO1	FJ916981.1
CO1	FJ916982.1
CO1	FJ916983.1
CO1	FJ916984.1
CO1	FJ916985.1
CO1	FJ916986.1
CO1	FJ916987.1
CO1	FJ916988.1
CO1	FJ916989.1
CO1	FM-16644
CO1	GQ120032.1
CO1	GQ120033.1
CO1	GQ120034.1
CO1	GQ120038.1
CO1	GQ120039.1
CO1	GQ120040.1
CO1	GQ120041.1
CO1	MK084614.1
CO1	MW277724.1
CO1	NIWA-173304
CO1	NIWA-173305
CO1	OA-190531-1
CO1	OA-Bluebottle
CO1	TMAG-K5632
CO1	TMAG-K5633
CO1	TMAG-K5635
CO1	WAM-Z88480
CO1	WAM-Z97900
CO1	WAM-Z97901
CO1	WAM-Z97902
CO1	WAM-Z97903
CO1	WAM-Z97906
CO1	WAM-Z97907
CO1	WAM-Z97908
CO1	WAM-Z97910
CO1	WAM-Z97911
CO1	WAM-Z97914
CO1	WAM-Z97916
CO1	WAM-Z97917
CO1	WAM-Z97920
CO1	WAM-Z97921
CO1	WAM-Z97923
CO1	YPM-IZ-104460
CO1	YPM-IZ-104461
CO1	YPM-IZ-104464
CO1	YPM-IZ-104465
CO1	YPM-IZ-106919
CO1	YPM-IZ-106920
CO1	YPM-IZ-106923
CO1	YPM-IZ-106935
CO1	YPM-IZ-106936
CO1	YPM-IZ-106937
CO1	YPM-IZ-106941
CO1	YPM-IZ-106943
CO1	YPM-IZ-106954
CO1	YPM-IZ-106958
CO1	YPM-IZ-110251
CO1	YPM-IZ-110254
CO1	YPM-IZ-110264
CO1	YPM-IZ-110268
CO1	YPM-IZ-110269
CO1	YPM-IZ-110276
CO1	YPM-IZ-110277
CO1	YPM-IZ-110278
CO1	YPM-IZ-110433
CO1	YPM-IZ-110434
CO1	YPM-IZ-110436
CO1	YPM-IZ-110438
CO1	YPM-IZ-110443
CO1	YPM-IZ-110460
CO1	YPM-IZ-110467
CO1	YPM-IZ-110468
CO1	YPM-IZ-110469
CO1	YPM-IZ-110470
CO1	YPM-IZ-110471
CO1	YPM-IZ-110473
CO1	YPM-IZ-110474
CO1	YPM-IZ-110480
CO1	YPM-IZ-110515
CO1	YPM-IZ-110520
CO1	YPM-IZ-110526
CO1	YPM-IZ-110556
CO1	YPM-IZ-110557
CO1	YPM-IZ-110558
CO1	YPM-IZ-110566
CO1	YPM-IZ-110569
CO1	YPM-IZ-110600
CO1	YPM-IZ-110602
CO1	YPM-IZ-110605
CO1	YPM-IZ-110612
CO1	YPM-IZ-110613
CO1	YPM-IZ-110616
CO1	YPM-IZ-110631
CO1	YPM-IZ-110633
CO1	YPM-IZ-110667
CO1	YPM-IZ-110694
CO1	YPM-IZ-110716
CO1	YPM-IZ-110726
CO1	YPM-IZ-110738
CO1	YPM-IZ-110777
CO1	YPM-IZ-110780
CO1	YPM-IZ-110785
CO1	YPM-IZ-110786
CO1	YPM-IZ-110829
CO1	YPM-IZ-110842
CO1	YPM-IZ-110843
CO1	YPM-IZ-110844
CO1	YPM-IZ-110845
CO1	YPM-IZ-110847
CO1	YPM-IZ-110876
CO1	YPM-IZ-110878
CO1	YPM-IZ-110881
CO1	YPM-IZ-110882
CO1	YPM-IZ-110883
CO1	YPM-IZ-110906
CO1	YPM-IZ-110907
CO1	YPM-IZ-110925
CO1	YPM-IZ-110926
CO1	YPM-IZ-110930
CO1	YPM-IZ-110931
CO1	YPM-IZ-110933
CO1	YPM-IZ-110937
CO1	YPM-IZ-110938
CO1	YPM-IZ-110943
CO1	YPM-IZ-110972
CO1	YPM-IZ-111006
CO1	YPM-IZ-111007
CO1	YPM-IZ-111008
CO1	YPM-IZ-111009
CO1	YPM-IZ-111010
CO1	YPM-IZ-111012
CO1	YPM-IZ-111013
CO1	YPM-IZ-111014
CO1	YPM-IZ-111016
CO1	YPM-IZ-111017
CO1	YPM-IZ-111018
CO1	YPM-IZ-111156
CO1	YPM-IZ-111158
CO1	YPM-IZ-111159
CO1	YPM-IZ-111160
CO1	YPM-IZ-111163
CO1	YPM-IZ-111207
CO1	YPM-IZ-111208
CO1	YPM-IZ-111209
CO1	YPM-IZ-111210
CO1	YPM-IZ-111241
CO1	YPM-IZ-111243
CO1	YPM-IZ-111495
CO1	YPM-IZ-111513
CO1	YPM-IZ-111514
CO1	YPM-IZ-111517
CO1	YPM-IZ-111518
CO1	YPM-IZ-111519
CO1	YPM-IZ-111520
CO1	YPM-IZ-111521
CO1	YPM-IZ-111529
CO1	YPM-IZ-111530
CO1	YPM-IZ-111539
CO1	YPM-IZ-111547
CO1	YPM-IZ-111839
CO1	YPM-IZ-111840
ITS	AB377546.1
ITS	FJ847271.1
ITS	FJ847272.1
ITS	FJ847273.1
ITS	FJ847274.1
ITS	FJ847275.1
ITS	FJ847276.1
ITS	FJ847277.1
ITS	FJ847278.1
ITS	FJ847279.1
ITS	FJ847280.1
ITS	FJ847281.1
ITS	FJ847282.1
ITS	FJ847283.1
ITS	FJ847284.1
ITS	FJ847285.1
ITS	FJ847286.1
ITS	FJ847287.1
ITS	FJ847288.1
ITS	FJ847289.1
ITS	FJ847290.1
ITS	FJ847291.1
ITS	FJ847292.1
ITS	FJ847293.1
ITS	FJ847294.1
ITS	FJ847295.1
ITS	FJ847296.1
ITS	FJ847297.1
ITS	FJ847298.1
ITS	FJ847299.1
ITS	FJ847300.1
ITS	FJ847301.1
ITS	FJ847302.1
ITS	FJ847303.1
ITS	FJ847304.1
ITS	FJ847305.1
ITS	FJ847306.1
ITS	FJ847307.1
ITS	FJ847308.1
ITS	FJ847309.1
ITS	FJ847310.1
ITS	FJ847311.1
ITS	FJ847312.1
ITS	FJ847313.1
ITS	FJ847314.1
ITS	FJ847315.1
ITS	FJ847316.1
ITS	FJ847317.1
ITS	FJ847318.1
ITS	FJ847319.1
ITS	FJ847320.1
ITS	FJ847321.1
ITS	FJ847322.1
ITS	FM-16644
ITS	NIWA-173304
ITS	NIWA-173305
ITS	OA-190531-1
ITS	OA-Bluebottle
ITS	TMAG-K5632
ITS	TMAG-K5633
ITS	TMAG-K5634
ITS	TMAG-K5635
ITS	TMAG-K5636
ITS	WAM-Z88480
ITS	WAM-Z97900
ITS	WAM-Z97901
ITS	WAM-Z97902
ITS	WAM-Z97903
ITS	WAM-Z97906
ITS	WAM-Z97907
ITS	WAM-Z97908
ITS	WAM-Z97910
ITS	WAM-Z97911
ITS	WAM-Z97914
ITS	WAM-Z97916
ITS	WAM-Z97917
ITS	WAM-Z97920
ITS	WAM-Z97921
ITS	WAM-Z97923
ITS	YPM-IZ-104460
ITS	YPM-IZ-104461
ITS	YPM-IZ-104464
ITS	YPM-IZ-104465
ITS	YPM-IZ-106919
ITS	YPM-IZ-106920
ITS	YPM-IZ-106923
ITS	YPM-IZ-106935
ITS	YPM-IZ-106936
ITS	YPM-IZ-106937
ITS	YPM-IZ-106941
ITS	YPM-IZ-106943
ITS	YPM-IZ-106954
ITS	YPM-IZ-106958
ITS	YPM-IZ-110251
ITS	YPM-IZ-110254
ITS	YPM-IZ-110264
ITS	YPM-IZ-110268
ITS	YPM-IZ-110269
ITS	YPM-IZ-110276
ITS	YPM-IZ-110277
ITS	YPM-IZ-110278
ITS	YPM-IZ-110433
ITS	YPM-IZ-110434
ITS	YPM-IZ-110436
ITS	YPM-IZ-110438
ITS	YPM-IZ-110443
ITS	YPM-IZ-110460
ITS	YPM-IZ-110467
ITS	YPM-IZ-110468
ITS	YPM-IZ-110469
ITS	YPM-IZ-110470
ITS	YPM-IZ-110471
ITS	YPM-IZ-110473
ITS	YPM-IZ-110474
ITS	YPM-IZ-110480
ITS	YPM-IZ-110515
ITS	YPM-IZ-110520
ITS	YPM-IZ-110526
ITS	YPM-IZ-110556
ITS	YPM-IZ-110557
ITS	YPM-IZ-110558
ITS	YPM-IZ-110566
ITS	YPM-IZ-110569
ITS	YPM-IZ-110600
ITS	YPM-IZ-110602
ITS	YPM-IZ-110605
ITS	YPM-IZ-110612
ITS	YPM-IZ-110613
ITS	YPM-IZ-110616
ITS	YPM-IZ-110631
ITS	YPM-IZ-110633
ITS	YPM-IZ-110667
ITS	YPM-IZ-110694
ITS	YPM-IZ-110716
ITS	YPM-IZ-110726
ITS	YPM-IZ-110738
ITS	YPM-IZ-110777
ITS	YPM-IZ-110780
ITS	YPM-IZ-110785
ITS	YPM-IZ-110786
ITS	YPM-IZ-110828
ITS	YPM-IZ-110829
ITS	YPM-IZ-110830
ITS	YPM-IZ-110842
ITS	YPM-IZ-110843
ITS	YPM-IZ-110844
ITS	YPM-IZ-110845
ITS	YPM-IZ-110846
ITS	YPM-IZ-110847
ITS	YPM-IZ-110876
ITS	YPM-IZ-110877
ITS	YPM-IZ-110878
ITS	YPM-IZ-110880
ITS	YPM-IZ-110881
ITS	YPM-IZ-110882
ITS	YPM-IZ-110883
ITS	YPM-IZ-110906
ITS	YPM-IZ-110907
ITS	YPM-IZ-110925
ITS	YPM-IZ-110926
ITS	YPM-IZ-110930
ITS	YPM-IZ-110931
ITS	YPM-IZ-110933
ITS	YPM-IZ-110937
ITS	YPM-IZ-110938
ITS	YPM-IZ-110943
ITS	YPM-IZ-110972
ITS	YPM-IZ-111006
ITS	YPM-IZ-111007
ITS	YPM-IZ-111008
ITS	YPM-IZ-111009
ITS	YPM-IZ-111010
ITS	YPM-IZ-111012
ITS	YPM-IZ-111013
ITS	YPM-IZ-111014
ITS	YPM-IZ-111016
ITS	YPM-IZ-111017
ITS	YPM-IZ-111018
ITS	YPM-IZ-111156
ITS	YPM-IZ-111157
ITS	YPM-IZ-111158
ITS	YPM-IZ-111159
ITS	YPM-IZ-111160
ITS	YPM-IZ-111163
ITS	YPM-IZ-111207
ITS	YPM-IZ-111208
ITS	YPM-IZ-111209
ITS	YPM-IZ-111210
ITS	YPM-IZ-111241
ITS	YPM-IZ-111243
ITS	YPM-IZ-111495
ITS	YPM-IZ-111513
ITS	YPM-IZ-111514
ITS	YPM-IZ-111517
ITS	YPM-IZ-111518
ITS	YPM-IZ-111519
ITS	YPM-IZ-111520
ITS	YPM-IZ-111521
ITS	YPM-IZ-111529
ITS	YPM-IZ-111530
ITS	YPM-IZ-111539
ITS	YPM-IZ-111547
ITS	YPM-IZ-111839
ITS	YPM-IZ-111840
mitogenome_submitted	FM-16644
mitogenome_submitted	KT809328.1
mitogenome_submitted	KT809335.1
mitogenome_submitted	LN901209.1
mitogenome_submitted	NC_080941.1
mitogenome_submitted	NC_080942.1
mitogenome_submitted	NIWA-173304
mitogenome_submitted	NIWA-173305
mitogenome_submitted	OA-190531-1
mitogenome_submitted	OA-Bluebottle
mitogenome_submitted	OQ957199.1
mitogenome_submitted	OQ957206.1
mitogenome_submitted	OQ957220.1
mitogenome_submitted	TMAG-K5632
mitogenome_submitted	TMAG-K5633
mitogenome_submitted	TMAG-K5634
mitogenome_submitted	TMAG-K5635
mitogenome_submitted	TMAG-K5636
mitogenome_submitted	WAM-Z88480
mitogenome_submitted	WAM-Z97900
mitogenome_submitted	WAM-Z97901
mitogenome_submitted	WAM-Z97902
mitogenome_submitted	WAM-Z97903
mitogenome_submitted	WAM-Z97906
mitogenome_submitted	WAM-Z97907
mitogenome_submitted	WAM-Z97908
mitogenome_submitted	WAM-Z97910
mitogenome_submitted	WAM-Z97911
mitogenome_submitted	WAM-Z97914
mitogenome_submitted	WAM-Z97916
mitogenome_submitted	WAM-Z97917
mitogenome_submitted	WAM-Z97920
mitogenome_submitted	WAM-Z97921
mitogenome_submitted	WAM-Z97923
mitogenome_submitted	YPM-IZ-104460
mitogenome_submitted	YPM-IZ-104461
mitogenome_submitted	YPM-IZ-104464
mitogenome_submitted	YPM-IZ-104465
mitogenome_submitted	YPM-IZ-106919
mitogenome_submitted	YPM-IZ-106920
mitogenome_submitted	YPM-IZ-106923
mitogenome_submitted	YPM-IZ-106935
mitogenome_submitted	YPM-IZ-106936
mitogenome_submitted	YPM-IZ-106937
mitogenome_submitted	YPM-IZ-106941
mitogenome_submitted	YPM-IZ-106943
mitogenome_submitted	YPM-IZ-106954
mitogenome_submitted	YPM-IZ-106958
mitogenome_submitted	YPM-IZ-110251
mitogenome_submitted	YPM-IZ-110254
mitogenome_submitted	YPM-IZ-110264
mitogenome_submitted	YPM-IZ-110268
mitogenome_submitted	YPM-IZ-110269
mitogenome_submitted	YPM-IZ-110276
mitogenome_submitted	YPM-IZ-110277
mitogenome_submitted	YPM-IZ-110278
mitogenome_submitted	YPM-IZ-110433
mitogenome_submitted	YPM-IZ-110434
mitogenome_submitted	YPM-IZ-110436
mitogenome_submitted	YPM-IZ-110438
mitogenome_submitted	YPM-IZ-110443
mitogenome_submitted	YPM-IZ-110460
mitogenome_submitted	YPM-IZ-110467
mitogenome_submitted	YPM-IZ-110468
mitogenome_submitted	YPM-IZ-110469
mitogenome_submitted	YPM-IZ-110470
mitogenome_submitted	YPM-IZ-110471
mitogenome_submitted	YPM-IZ-110473
mitogenome_submitted	YPM-IZ-110474
mitogenome_submitted	YPM-IZ-110480
mitogenome_submitted	YPM-IZ-110515
mitogenome_submitted	YPM-IZ-110520
mitogenome_submitted	YPM-IZ-110526
mitogenome_submitted	YPM-IZ-110556
mitogenome_submitted	YPM-IZ-110557
mitogenome_submitted	YPM-IZ-110558
mitogenome_submitted	YPM-IZ-110566
mitogenome_submitted	YPM-IZ-110569
mitogenome_submitted	YPM-IZ-110600
mitogenome_submitted	YPM-IZ-110602
mitogenome_submitted	YPM-IZ-110605
mitogenome_submitted	YPM-IZ-110612
mitogenome_submitted	YPM-IZ-110613
mitogenome_submitted	YPM-IZ-110616
mitogenome_submitted	YPM-IZ-110631
mitogenome_submitted	YPM-IZ-110633
mitogenome_submitted	YPM-IZ-110667
mitogenome_submitted	YPM-IZ-110694
mitogenome_submitted	YPM-IZ-110716
mitogenome_submitted	YPM-IZ-110726
mitogenome_submitted	YPM-IZ-110738
mitogenome_submitted	YPM-IZ-110777
mitogenome_submitted	YPM-IZ-110780
mitogenome_submitted	YPM-IZ-110785
mitogenome_submitted	YPM-IZ-110786
mitogenome_submitted	YPM-IZ-110828
mitogenome_submitted	YPM-IZ-110829
mitogenome_submitted	YPM-IZ-110830
mitogenome_submitted	YPM-IZ-110842
mitogenome_submitted	YPM-IZ-110843
mitogenome_submitted	YPM-IZ-110844
mitogenome_submitted	YPM-IZ-110845
mitogenome_submitted	YPM-IZ-110846
mitogenome_submitted	YPM-IZ-110847
mitogenome_submitted	YPM-IZ-110876
mitogenome_submitted	YPM-IZ-110877
mitogenome_submitted	YPM-IZ-110878
mitogenome_submitted	YPM-IZ-110880
mitogenome_submitted	YPM-IZ-110881
mitogenome_submitted	YPM-IZ-110882
mitogenome_submitted	YPM-IZ-110883
mitogenome_submitted	YPM-IZ-110906
mitogenome_submitted	YPM-IZ-110907
mitogenome_submitted	YPM-IZ-110925
mitogenome_submitted	YPM-IZ-110926
mitogenome_submitted	YPM-IZ-110930
mitogenome_submitted	YPM-IZ-110931
mitogenome_submitted	YPM-IZ-110933
mitogenome_submitted	YPM-IZ-110937
mitogenome_submitted	YPM-IZ-110938
mitogenome_submitted	YPM-IZ-110943
mitogenome_submitted	YPM-IZ-110972
mitogenome_submitted	YPM-IZ-111006
mitogenome_submitted	YPM-IZ-111007
mitogenome_submitted	YPM-IZ-111008
mitogenome_submitted	YPM-IZ-111009
mitogenome_submitted	YPM-IZ-111010
mitogenome_submitted	YPM-IZ-111012
mitogenome_submitted	YPM-IZ-111013
mitogenome_submitted	YPM-IZ-111014
mitogenome_submitted	YPM-IZ-111016
mitogenome_submitted	YPM-IZ-111017
mitogenome_submitted	YPM-IZ-111018
mitogenome_submitted	YPM-IZ-111156
mitogenome_submitted	YPM-IZ-111157
mitogenome_submitted	YPM-IZ-111158
mitogenome_submitted	YPM-IZ-111159
mitogenome_submitted	YPM-IZ-111160
mitogenome_submitted	YPM-IZ-111163
mitogenome_submitted	YPM-IZ-111207
mitogenome_submitted	YPM-IZ-111208
mitogenome_submitted	YPM-IZ-111209
mitogenome_submitted	YPM-IZ-111210
mitogenome_submitted	YPM-IZ-111241
mitogenome_submitted	YPM-IZ-111243
mitogenome_submitted	YPM-IZ-111495
mitogenome_submitted	YPM-IZ-111513
mitogenome_submitted	YPM-IZ-111514
mitogenome_submitted	YPM-IZ-111517
mitogenome_submitted	YPM-IZ-111518
mitogenome_submitted	YPM-IZ-111519
mitogenome_submitted	YPM-IZ-111520
mitogenome_submitted	YPM-IZ-111521
mitogenome_submitted	YPM-IZ-111529
mitogenome_submitted	YPM-IZ-111530
mitogenome_submitted	YPM-IZ-111539
mitogenome_submitted	YPM-IZ-111547
mitogenome_submitted	YPM-IZ-111839
mitogenome_submitted	YPM-IZ-111840
mitogenome_submitted_rooted	FM-16644
mitogenome_submitted_rooted	KT809328.1
mitogenome_submitted_rooted	KT809335.1
mitogenome_submitted_rooted	LN901209.1
mitogenome_submitted_rooted	NC_080941.1
mitogenome_submitted_rooted	NC_080942.1
mitogenome_submitted_rooted	NIWA-173304
mitogenome_submitted_rooted	NIWA-173305
mitogenome_submitted_rooted	OA-190531-1
mitogenome_submitted_rooted	OA-Bluebottle
mitogenome_submitted_rooted	OQ957199.1
mitogenome_submitted_rooted	OQ957206.1
mitogenome_submitted_rooted	OQ957220.1
mitogenome_submitted_rooted	TMAG-K5632
mitogenome_submitted_rooted	TMAG-K5633
mitogenome_submitted_rooted	TMAG-K5634
mitogenome_submitted_rooted	TMAG-K5635
mitogenome_submitted_rooted	TMAG-K5636
mitogenome_submitted_rooted	WAM-Z88480
mitogenome_submitted_rooted	WAM-Z97900
mitogenome_submitted_rooted	WAM-Z97901
mitogenome_submitted_rooted	WAM-Z97902
mitogenome_submitted_rooted	WAM-Z97903
mitogenome_submitted_rooted	WAM-Z97906
mitogenome_submitted_rooted	WAM-Z97907
mitogenome_submitted_rooted	WAM-Z97908
mitogenome_submitted_rooted	WAM-Z97910
mitogenome_submitted_rooted	WAM-Z97911
mitogenome_submitted_rooted	WAM-Z97914
mitogenome_submitted_rooted	WAM-Z97916
mitogenome_submitted_rooted	WAM-Z97917
mitogenome_submitted_rooted	WAM-Z97920
mitogenome_submitted_rooted	WAM-Z97921
mitogenome_submitted_rooted	WAM-Z97923
mitogenome_submitted_rooted	YPM-IZ-104460
mitogenome_submitted_rooted	YPM-IZ-104461
mitogenome_submitted_rooted	YPM-IZ-104464
mitogenome_submitted_rooted	YPM-IZ-104465
mitogenome_submitted_rooted	YPM-IZ-106919
mitogenome_submitted_rooted	YPM-IZ-106920
mitogenome_submitted_rooted	YPM-IZ-106923
mitogenome_submitted_rooted	YPM-IZ-106935
mitogenome_submitted_rooted	YPM-IZ-106936
mitogenome_submitted_rooted	YPM-IZ-106937
mitogenome_submitted_rooted	YPM-IZ-106941
mitogenome_submitted_rooted	YPM-IZ-106943
mitogenome_submitted_rooted	YPM-IZ-106954
mitogenome_submitted_rooted	YPM-IZ-106958
mitogenome_submitted_rooted	YPM-IZ-110251
mitogenome_submitted_rooted	YPM-IZ-110254
mitogenome_submitted_rooted	YPM-IZ-110264
mitogenome_submitted_rooted	YPM-IZ-110268
mitogenome_submitted_rooted	YPM-IZ-110269
mitogenome_submitted_rooted	YPM-IZ-110276
mitogenome_submitted_rooted	YPM-IZ-110277
mitogenome_submitted_rooted	YPM-IZ-110278
mitogenome_submitted_rooted	YPM-IZ-110433
mitogenome_submitted_rooted	YPM-IZ-110434
mitogenome_submitted_rooted	YPM-IZ-110436
mitogenome_submitted_rooted	YPM-IZ-110438
mitogenome_submitted_rooted	YPM-IZ-110443
mitogenome_submitted_rooted	YPM-IZ-110460
mitogenome_submitted_rooted	YPM-IZ-110467
mitogenome_submitted_rooted	YPM-IZ-110468
mitogenome_submitted_rooted	YPM-IZ-110469
mitogenome_submitted_rooted	YPM-IZ-110470
mitogenome_submitted_rooted	YPM-IZ-110471
mitogenome_submitted_rooted	YPM-IZ-110473
mitogenome_submitted_rooted	YPM-IZ-110474
mitogenome_submitted_rooted	YPM-IZ-110480
mitogenome_submitted_rooted	YPM-IZ-110515
mitogenome_submitted_rooted	YPM-IZ-110520
mitogenome_submitted_rooted	YPM-IZ-110526
mitogenome_submitted_rooted	YPM-IZ-110556
mitogenome_submitted_rooted	YPM-IZ-110557
mitogenome_submitted_rooted	YPM-IZ-110558
mitogenome_submitted_rooted	YPM-IZ-110566
mitogenome_submitted_rooted	YPM-IZ-110569
mitogenome_submitted_rooted	YPM-IZ-110600
mitogenome_submitted_rooted	YPM-IZ-110602
mitogenome_submitted_rooted	YPM-IZ-110605
mitogenome_submitted_rooted	YPM-IZ-110612
mitogenome_submitted_rooted	YPM-IZ-110613
mitogenome_submitted_rooted	YPM-IZ-110616
mitogenome_submitted_rooted	YPM-IZ-110631
mitogenome_submitted_rooted	YPM-IZ-110633
mitogenome_submitted_rooted	YPM-IZ-110667
mitogenome_submitted_rooted	YPM-IZ-110694
mitogenome_submitted_rooted	YPM-IZ-110716
mitogenome_submitted_rooted	YPM-IZ-110726
mitogenome_submitted_rooted	YPM-IZ-110738
mitogenome_submitted_rooted	YPM-IZ-110777
mitogenome_submitted_rooted	YPM-IZ-110780
mitogenome_submitted_rooted	YPM-IZ-110785
mitogenome_submitted_rooted	YPM-IZ-110786
mitogenome_submitted_rooted	YPM-IZ-110828
mitogenome_submitted_rooted	YPM-IZ-110829
mitogenome_submitted_rooted	YPM-IZ-110830
mitogenome_submitted_rooted	YPM-IZ-110842
mitogenome_submitted_rooted	YPM-IZ-110843
mitogenome_submitted_rooted	YPM-IZ-110844
mitogenome_submitted_rooted	YPM-IZ-110845
mitogenome_submitted_rooted	YPM-IZ-110846
mitogenome_submitted_rooted	YPM-IZ-110847
mitogenome_submitted_rooted	YPM-IZ-110876
mitogenome_submitted_rooted	YPM-IZ-110877
mitogenome_submitted_rooted	YPM-IZ-110878
mitogenome_submitted_rooted	YPM-IZ-110880
mitogenome_submitted_rooted	YPM-IZ-110881
mitogenome_submitted_rooted	YPM-IZ-110882
mitogenome_submitted_rooted	YPM-IZ-110883
mitogenome_submitted_rooted	YPM-IZ-110906
mitogenome_submitted_rooted	YPM-IZ-110907
mitogenome_submitted_rooted	YPM-IZ-110925
mitogenome_submitted_rooted	YPM-IZ-110926
mitogenome_submitted_rooted	YPM-IZ-110930
mitogenome_submitted_rooted	YPM-IZ-110931
mitogenome_submitted_rooted	YPM-IZ-110933
mitogenome_submitted_rooted	YPM-IZ-110937
mitogenome_submitted_rooted	YPM-IZ-110938
mitogenome_submitted_rooted	YPM-IZ-110943
mitogenome_submitted_rooted	YPM-IZ-110972
mitogenome_submitted_rooted	YPM-IZ-111006
mitogenome_submitted_rooted	YPM-IZ-111007
mitogenome_submitted_rooted	YPM-IZ-111008
mitogenome_submitted_rooted	YPM-IZ-111009
mitogenome_submitted_rooted	YPM-IZ-111010
mitogenome_submitted_rooted	YPM-IZ-111012
mitogenome_submitted_rooted	YPM-IZ-111013
mitogenome_submitted_rooted	YPM-IZ-111014
mitogenome_submitted_rooted	YPM-IZ-111016
mitogenome_submitted_rooted	YPM-IZ-111017
mitogenome_submitted_rooted	YPM-IZ-111018
mitogenome_submitted_rooted	YPM-IZ-111156
mitogenome_submitted_rooted	YPM-IZ-111157
mitogenome_submitted_rooted	YPM-IZ-111158
mitogenome_submitted_rooted	YPM-IZ-111159
mitogenome_submitted_rooted	YPM-IZ-111160
mitogenome_submitted_rooted	YPM-IZ-111163
mitogenome_submitted_rooted	YPM-IZ-111207
mitogenome_submitted_rooted	YPM-IZ-111208
mitogenome_submitted_rooted	YPM-IZ-111209
mitogenome_submitted_rooted	YPM-IZ-111210
mitogenome_submitted_rooted	YPM-IZ-111241
mitogenome_submitted_rooted	YPM-IZ-111243
mitogenome_submitted_rooted	YPM-IZ-111495
mitogenome_submitted_rooted	YPM-IZ-111513
mitogenome_submitted_rooted	YPM-IZ-111514
mitogenome_submitted_rooted	YPM-IZ-111517
mitogenome_submitted_rooted	YPM-IZ-111518
mitogenome_submitted_rooted	YPM-IZ-111519
mitogenome_submitted_rooted	YPM-IZ-111520
mitogenome_submitted_rooted	YPM-IZ-111521
mitogenome_submitted_rooted	YPM-IZ-111529
mitogenome_submitted_rooted	YPM-IZ-111530
mitogenome_submitted_rooted	YPM-IZ-111539
mitogenome_submitted_rooted	YPM-IZ-111547
mitogenome_submitted_rooted	YPM-IZ-111839
mitogenome_submitted_rooted	YPM-IZ-111840
mitogenome_identification	FM-16644
mitogenome_identification	KT809328.1
mitogenome_identification	KT809335.1
mitogenome_identification	LN901209.1
mitogenome_identification	NC_080941.1
mitogenome_identification	NC_080942.1
mitogenome_identification	NIWA-173304
mitogenome_identification	NIWA-173305
mitogenome_identification	OA-190531-1
mitogenome_identification	OA-Bluebottle
mitogenome_identification	OQ957199.1
mitogenome_identification	OQ957206.1
mitogenome_identification	OQ957220.1
mitogenome_identification	TMAG-K5632
mitogenome_identification	TMAG-K5633
mitogenome_identification	TMAG-K5634
mitogenome_identification	TMAG-K5635
mitogenome_identification	TMAG-K5636
mitogenome_identification	WAM-Z88480
mitogenome_identification	WAM-Z97900
mitogenome_identification	WAM-Z97901
mitogenome_identification	WAM-Z97902
mitogenome_identification	WAM-Z97903
mitogenome_identification	WAM-Z97906
mitogenome_identification	WAM-Z97907
mitogenome_identification	WAM-Z97908
mitogenome_identification	WAM-Z97910
mitogenome_identification	WAM-Z97911
mitogenome_identification	WAM-Z97914
mitogenome_identification	WAM-Z97916
mitogenome_identification	WAM-Z97917
mitogenome_identification	WAM-Z97920
mitogenome_identification	WAM-Z97921
mitogenome_identification	WAM-Z97923
mitogenome_identification	YPM-IZ-104460
mitogenome_identification	YPM-IZ-104461
mitogenome_identification	YPM-IZ-104464
mitogenome_identification	YPM-IZ-104465
mitogenome_identification	YPM-IZ-106919
mitogenome_identification	YPM-IZ-106920
mitogenome_identification	YPM-IZ-106923
mitogenome_identification	YPM-IZ-106935
mitogenome_identification	YPM-IZ-106936
mitogenome_identification	YPM-IZ-106937
mitogenome_identification	YPM-IZ-106941
mitogenome_identification	YPM-IZ-106943
mitogenome_identification	YPM-IZ-106954
mitogenome_identification	YPM-IZ-106958
mitogenome_identification	YPM-IZ-110251
mitogenome_identification	YPM-IZ-110254
mitogenome_identification	YPM-IZ-110264
mitogenome_identification	YPM-IZ-110268
mitogenome_identification	YPM-IZ-110269
mitogenome_identification	YPM-IZ-110276
mitogenome_identification	YPM-IZ-110277
mitogenome_identification	YPM-IZ-110278
mitogenome_identification	YPM-IZ-110433
mitogenome_identification	YPM-IZ-110434
mitogenome_identification	YPM-IZ-110436
mitogenome_identification	YPM-IZ-110438
mitogenome_identification	YPM-IZ-110443
mitogenome_identification	YPM-IZ-110460
mitogenome_identification	YPM-IZ-110467
mitogenome_identification	YPM-IZ-110468
mitogenome_identification	YPM-IZ-110469
mitogenome_identification	YPM-IZ-110470
mitogenome_identification	YPM-IZ-110471
mitogenome_identification	YPM-IZ-110473
mitogenome_identification	YPM-IZ-110474
mitogenome_identification	YPM-IZ-110480
mitogenome_identification	YPM-IZ-110515
mitogenome_identification	YPM-IZ-110520
mitogenome_identification	YPM-IZ-110526
mitogenome_identification	YPM-IZ-110556
mitogenome_identification	YPM-IZ-110557
mitogenome_identification	YPM-IZ-110558
mitogenome_identification	YPM-IZ-110566
mitogenome_identification	YPM-IZ-110569
mitogenome_identification	YPM-IZ-110600
mitogenome_identification	YPM-IZ-110602
mitogenome_identification	YPM-IZ-110605
mitogenome_identification	YPM-IZ-110612
mitogenome_identification	YPM-IZ-110613
mitogenome_identification	YPM-IZ-110616
mitogenome_identification	YPM-IZ-110631
mitogenome_identification	YPM-IZ-110633
mitogenome_identification	YPM-IZ-110667
mitogenome_identification	YPM-IZ-110694
mitogenome_identification	YPM-IZ-110716
mitogenome_identification	YPM-IZ-110726
mitogenome_identification	YPM-IZ-110738
mitogenome_identification	YPM-IZ-110777
mitogenome_identification	YPM-IZ-110780
mitogenome_identification	YPM-IZ-110785
mitogenome_identification	YPM-IZ-110786
mitogenome_identification	YPM-IZ-110828
mitogenome_identification	YPM-IZ-110829
mitogenome_identification	YPM-IZ-110830
mitogenome_identification	YPM-IZ-110842
mitogenome_identification	YPM-IZ-110843
mitogenome_identification	YPM-IZ-110844
mitogenome_identification	YPM-IZ-110845
mitogenome_identification	YPM-IZ-110846
mitogenome_identification	YPM-IZ-110847
mitogenome_identification	YPM-IZ-110876
mitogenome_identification	YPM-IZ-110877
mitogenome_identification	YPM-IZ-110878
mitogenome_identification	YPM-IZ-110880
mitogenome_identification	YPM-IZ-110881
mitogenome_identification	YPM-IZ-110882
mitogenome_identification	YPM-IZ-110883
mitogenome_identification	YPM-IZ-110906
mitogenome_identification	YPM-IZ-110907
mitogenome_identification	YPM-IZ-110925
mitogenome_identification	YPM-IZ-110926
mitogenome_identification	YPM-IZ-110930
mitogenome_identification	YPM-IZ-110931
mitogenome_identification	YPM-IZ-110933
mitogenome_identification	YPM-IZ-110937
mitogenome_identification	YPM-IZ-110938
mitogenome_identification	YPM-IZ-110943
mitogenome_identification	YPM-IZ-110972
mitogenome_identification	YPM-IZ-111006
mitogenome_identification	YPM-IZ-111007
mitogenome_identification	YPM-IZ-111008
mitogenome_identification	YPM-IZ-111009
mitogenome_identification	YPM-IZ-111010
mitogenome_identification	YPM-IZ-111012
mitogenome_identification	YPM-IZ-111013
mitogenome_identification	YPM-IZ-111014
mitogenome_identification	YPM-IZ-111016
mitogenome_identification	YPM-IZ-111017
mitogenome_identification	YPM-IZ-111018
mitogenome_identification	YPM-IZ-111156
mitogenome_identification	YPM-IZ-111157
mitogenome_identification	YPM-IZ-111158
mitogenome_identification	YPM-IZ-111159
mitogenome_identification	YPM-IZ-111160
mitogenome_identification	YPM-IZ-111163
mitogenome_identification	YPM-IZ-111207
mitogenome_identification	YPM-IZ-111208
mitogenome_identification	YPM-IZ-111209
mitogenome_identification	YPM-IZ-111210
mitogenome_identification	YPM-IZ-111241
mitogenome_identification	YPM-IZ-111243
mitogenome_identification	YPM-IZ-111495
mitogenome_identification	YPM-IZ-111513
mitogenome_identification	YPM-IZ-111514
mitogenome_identification	YPM-IZ-111517
mitogenome_identification	YPM-IZ-111518
mitogenome_identification	YPM-IZ-111519
mitogenome_identification	YPM-IZ-111520
mitogenome_identification	YPM-IZ-111521
mitogenome_identification	YPM-IZ-111529
mitogenome_identification	YPM-IZ-111530
mitogenome_identification	YPM-IZ-111539
mitogenome_identification	YPM-IZ-111547
mitogenome_identification	YPM-IZ-111839
mitogenome_identification	YPM-IZ-111840
