seq	ocean	location	species	source
AB377546			Physalia physalis	genbank
AB377546.1		Pacific Ocean	Physalia physalis	genbank
AF358065			Physalia physalis	genbank
AF358065.1			Physalia physalis	genbank
AF358066			Physalia physalis	genbank
AF358066.1			Physalia utriculus	genbank
AY512511	SW Pacific	Tasmania	Physalia physalis	genbank
AY512511.1	SW Pacific	Tasmania	Physalia physalis	genbank
AY935284	NW Atlantic	International	Physalia physalis	genbank
AY935284.1	NW Atlantic	International	Physalia physalis	genbank
AY935286			Rhizophysa filiformis	genbank
AY935286.1		Rhizophysa filiformis	Rhizophysa filiformis	genbank
AY935309			Rhizophysa eysenhardtii	genbank
AY935309.1		Rhizophysa eysenhardtii	Rhizophysa eysenhardtii	genbank
AY937327			Rhizophysa filiformis	genbank
AY937327.1		Rhizophysa filiformis	Rhizophysa filiformis	genbank
AY937351			Rhizophysa eysenhardtii	genbank
AY937351.1		Rhizophysa eysenhardtii	Rhizophysa eysenhardtii	genbank
AY937374		International   NW Atlantic	Physalia physalis	genbank
AY937374.1			Physalia physalis	genbank
AY937377			Rhizophysa filiformis	genbank
AY937377.1		Rhizophysa filiformis	Rhizophysa filiformis	genbank
DQ385495			Physalia physalis	genbank
DQ385495.1			Physalia physalis	genbank
DQ385496			Physalia physalis	genbank
DQ385496.1			Physalia physalis	genbank
EU448095			Physalia physalis	genbank
EU448095.1			Physalia physalis	genbank
FJ847271	SW Pacific	New Zealand	Physalia sp. DRP-2009	genbank
FJ847271.1	SW Pacific	New Zealand	Physalia sp. DRP-2009	genbank
FJ847272	SW Pacific	New Zealand	Physalia sp. DRP-2009	genbank
FJ847272.1	SW Pacific	New Zealand	Physalia sp. DRP-2009	genbank
FJ847273	SW Pacific	New Zealand	Physalia sp. DRP-2009	genbank
FJ847273.1	SW Pacific	New Zealand	Physalia sp. DRP-2009	genbank
FJ847274	SW Pacific	New Zealand	Physalia sp. DRP-2009	genbank
FJ847274.1	SW Pacific	New Zealand	Physalia sp. DRP-2009	genbank
FJ847275	SW Pacific	New Zealand	Physalia sp. DRP-2009	genbank
FJ847275.1	SW Pacific	New Zealand	Physalia sp. DRP-2009	genbank
FJ847276	SW Pacific	New Zealand	Physalia sp. DRP-2009	genbank
FJ847276.1	SW Pacific	New Zealand	Physalia sp. DRP-2009	genbank
FJ847277	SW Pacific	New Zealand	Physalia sp. DRP-2009	genbank
FJ847277.1	SW Pacific	New Zealand	Physalia sp. DRP-2009	genbank
FJ847278	SW Pacific	New Zealand	Physalia sp. DRP-2009	genbank
FJ847278.1	SW Pacific	New Zealand	Physalia sp. DRP-2009	genbank
FJ847279	SW Pacific	New Zealand	Physalia sp. DRP-2009	genbank
FJ847279.1	SW Pacific	New Zealand	Physalia sp. DRP-2009	genbank
FJ847280	SW Pacific	New Zealand	Physalia sp. DRP-2009	genbank
FJ847280.1	SW Pacific	New Zealand	Physalia sp. DRP-2009	genbank
FJ847281	SW Pacific	New Zealand	Physalia sp. DRP-2009	genbank
FJ847281.1	SW Pacific	New Zealand	Physalia sp. DRP-2009	genbank
FJ847282	SW Pacific	New Zealand	Physalia sp. DRP-2009	genbank
FJ847282.1	SW Pacific	New Zealand	Physalia sp. DRP-2009	genbank
FJ847283	SW Pacific	New Zealand	Physalia sp. DRP-2009	genbank
FJ847283.1	SW Pacific	New Zealand	Physalia sp. DRP-2009	genbank
FJ847284	SW Pacific	New Zealand	Physalia sp. DRP-2009	genbank
FJ847284.1	SW Pacific	New Zealand	Physalia sp. DRP-2009	genbank
FJ847285	SW Pacific	New Zealand	Physalia sp. DRP-2009	genbank
FJ847285.1	SW Pacific	New Zealand	Physalia sp. DRP-2009	genbank
FJ847286	SW Pacific	New Zealand	Physalia sp. DRP-2009	genbank
FJ847286.1	SW Pacific	New Zealand	Physalia sp. DRP-2009	genbank
FJ847287	SW Pacific	New Zealand	Physalia sp. DRP-2009	genbank
FJ847287.1	SW Pacific	New Zealand	Physalia sp. DRP-2009	genbank
FJ847288	SW Pacific	New Zealand	Physalia sp. DRP-2009	genbank
FJ847288.1	SW Pacific	New Zealand	Physalia sp. DRP-2009	genbank
FJ847289	SW Pacific	New Zealand	Physalia sp. DRP-2009	genbank
FJ847289.1	SW Pacific	New Zealand	Physalia sp. DRP-2009	genbank
FJ847290	SW Pacific	New Zealand	Physalia sp. DRP-2009	genbank
FJ847290.1	SW Pacific	New Zealand	Physalia sp. DRP-2009	genbank
FJ847291	SW Pacific	New Zealand	Physalia sp. DRP-2009	genbank
FJ847291.1	SW Pacific	New Zealand	Physalia sp. DRP-2009	genbank
FJ847292	SW Pacific	New Zealand	Physalia sp. DRP-2009	genbank
FJ847292.1	SW Pacific	New Zealand	Physalia sp. DRP-2009	genbank
FJ847293	SW Pacific	New Zealand	Physalia sp. DRP-2009	genbank
FJ847293.1	SW Pacific	New Zealand	Physalia sp. DRP-2009	genbank
FJ847294	SW Pacific	New Zealand	Physalia sp. DRP-2009	genbank
FJ847294.1	SW Pacific	New Zealand	Physalia sp. DRP-2009	genbank
FJ847295	SW Pacific	New Zealand	Physalia sp. DRP-2009	genbank
FJ847295.1	SW Pacific	New Zealand	Physalia sp. DRP-2009	genbank
FJ847296	SW Pacific	New Zealand	Physalia sp. DRP-2009	genbank
FJ847296.1	SW Pacific	New Zealand	Physalia sp. DRP-2009	genbank
FJ847297	SW Pacific	New Zealand	Physalia sp. DRP-2009	genbank
FJ847297.1	SW Pacific	New Zealand	Physalia sp. DRP-2009	genbank
FJ847298	SW Pacific	New Zealand	Physalia sp. DRP-2009	genbank
FJ847298.1	SW Pacific	New Zealand	Physalia sp. DRP-2009	genbank
FJ847299	SW Pacific	New Zealand	Physalia sp. DRP-2009	genbank
FJ847299.1	SW Pacific	New Zealand	Physalia sp. DRP-2009	genbank
FJ847300	SW Pacific	New Zealand	Physalia sp. DRP-2009	genbank
FJ847300.1	SW Pacific	New Zealand	Physalia sp. DRP-2009	genbank
FJ847301	SW Pacific	New Zealand	Physalia sp. DRP-2009	genbank
FJ847301.1	SW Pacific	New Zealand	Physalia sp. DRP-2009	genbank
FJ847302	SW Pacific	New Zealand	Physalia sp. DRP-2009	genbank
FJ847302.1	SW Pacific	New Zealand	Physalia sp. DRP-2009	genbank
FJ847303	SW Pacific	New Zealand	Physalia sp. DRP-2009	genbank
FJ847303.1	SW Pacific	New Zealand	Physalia sp. DRP-2009	genbank
FJ847304	SW Pacific	New Zealand	Physalia sp. DRP-2009	genbank
FJ847304.1	SW Pacific	New Zealand	Physalia sp. DRP-2009	genbank
FJ847305	SW Pacific	New Zealand	Physalia sp. DRP-2009	genbank
FJ847305.1	SW Pacific	New Zealand	Physalia sp. DRP-2009	genbank
FJ847306	SW Pacific	New Zealand	Physalia sp. DRP-2009	genbank
FJ847306.1	SW Pacific	New Zealand	Physalia sp. DRP-2009	genbank
FJ847307	SW Pacific	New Zealand	Physalia sp. DRP-2009	genbank
FJ847307.1	SW Pacific	New Zealand	Physalia sp. DRP-2009	genbank
FJ847308	SW Pacific	New Zealand	Physalia sp. DRP-2009	genbank
FJ847308.1	SW Pacific	New Zealand	Physalia sp. DRP-2009	genbank
FJ847309	SW Pacific	New Zealand	Physalia sp. DRP-2009	genbank
FJ847309.1	SW Pacific	New Zealand	Physalia sp. DRP-2009	genbank
FJ847310	SW Pacific	New Zealand	Physalia sp. DRP-2009	genbank
FJ847310.1	SW Pacific	New Zealand	Physalia sp. DRP-2009	genbank
FJ847311	SW Pacific	New Zealand	Physalia sp. DRP-2009	genbank
FJ847311.1	SW Pacific	New Zealand	Physalia sp. DRP-2009	genbank
FJ847312	SW Pacific	New Zealand	Physalia sp. DRP-2009	genbank
FJ847312.1	SW Pacific	New Zealand	Physalia sp. DRP-2009	genbank
FJ847313	SW Pacific	New Zealand	Physalia sp. DRP-2009	genbank
FJ847313.1	SW Pacific	New Zealand	Physalia sp. DRP-2009	genbank
FJ847314	SW Pacific	New Zealand	Physalia sp. DRP-2009	genbank
FJ847314.1	SW Pacific	New Zealand	Physalia sp. DRP-2009	genbank
FJ847315	SW Pacific	New Zealand	Physalia sp. DRP-2009	genbank
FJ847315.1	SW Pacific	New Zealand	Physalia sp. DRP-2009	genbank
FJ847316	SW Pacific	New Zealand	Physalia sp. DRP-2009	genbank
FJ847316.1	SW Pacific	New Zealand	Physalia sp. DRP-2009	genbank
FJ847317	SW Pacific	New Zealand	Physalia sp. DRP-2009	genbank
FJ847317.1	SW Pacific	New Zealand	Physalia sp. DRP-2009	genbank
FJ847318	SW Pacific	New Zealand	Physalia sp. DRP-2009	genbank
FJ847318.1	SW Pacific	New Zealand	Physalia sp. DRP-2009	genbank
FJ847319	SW Pacific	New Zealand	Physalia sp. DRP-2009	genbank
FJ847319.1	SW Pacific	New Zealand	Physalia sp. DRP-2009	genbank
FJ847320	SW Pacific	New Zealand	Physalia sp. DRP-2009	genbank
FJ847320.1	SW Pacific	New Zealand	Physalia sp. DRP-2009	genbank
FJ847321	SW Pacific	New Zealand	Physalia sp. DRP-2009	genbank
FJ847321.1	SW Pacific	New Zealand	Physalia sp. DRP-2009	genbank
FJ847322	SW Pacific	New Zealand	Physalia sp. DRP-2009	genbank
FJ847322.1	SW Pacific	New Zealand	Physalia sp. DRP-2009	genbank
FJ916936	SW Pacific	New Zealand	Physalia sp. DRP-2009	genbank
FJ916936.1	SW Pacific	New Zealand	Physalia sp. DRP-2009	genbank
FJ916937	SW Pacific	New Zealand	Physalia sp. DRP-2009	genbank
FJ916937.1	SW Pacific	New Zealand	Physalia sp. DRP-2009	genbank
FJ916938	SW Pacific	New Zealand	Physalia sp. DRP-2009	genbank
FJ916938.1	SW Pacific	New Zealand	Physalia sp. DRP-2009	genbank
FJ916939	SW Pacific	New Zealand	Physalia sp. DRP-2009	genbank
FJ916939.1	SW Pacific	New Zealand	Physalia sp. DRP-2009	genbank
FJ916940	SW Pacific	New Zealand	Physalia sp. DRP-2009	genbank
FJ916940.1	SW Pacific	New Zealand	Physalia sp. DRP-2009	genbank
FJ916941	SW Pacific	New Zealand	Physalia sp. DRP-2009	genbank
FJ916941.1	SW Pacific	New Zealand	Physalia sp. DRP-2009	genbank
FJ916942	SW Pacific	New Zealand	Physalia sp. DRP-2009	genbank
FJ916942.1	SW Pacific	New Zealand	Physalia sp. DRP-2009	genbank
FJ916943	SW Pacific	New Zealand	Physalia sp. DRP-2009	genbank
FJ916943.1	SW Pacific	New Zealand	Physalia sp. DRP-2009	genbank
FJ916944	SW Pacific	New Zealand	Physalia sp. DRP-2009	genbank
FJ916944.1	SW Pacific	New Zealand	Physalia sp. DRP-2009	genbank
FJ916945	SW Pacific	New Zealand	Physalia sp. DRP-2009	genbank
FJ916945.1	SW Pacific	New Zealand	Physalia sp. DRP-2009	genbank
FJ916946	SW Pacific	New Zealand	Physalia sp. DRP-2009	genbank
FJ916946.1	SW Pacific	New Zealand	Physalia sp. DRP-2009	genbank
FJ916947	SW Pacific	New Zealand	Physalia sp. DRP-2009	genbank
FJ916947.1	SW Pacific	New Zealand	Physalia sp. DRP-2009	genbank
FJ916948	SW Pacific	New Zealand	Physalia sp. DRP-2009	genbank
FJ916948.1	SW Pacific	New Zealand	Physalia sp. DRP-2009	genbank
FJ916949	SW Pacific	New Zealand	Physalia sp. DRP-2009	genbank
FJ916949.1	SW Pacific	New Zealand	Physalia sp. DRP-2009	genbank
FJ916950	SW Pacific	New Zealand	Physalia sp. DRP-2009	genbank
FJ916950.1	SW Pacific	New Zealand	Physalia sp. DRP-2009	genbank
FJ916951	SW Pacific	New Zealand	Physalia sp. DRP-2009	genbank
FJ916951.1	SW Pacific	New Zealand	Physalia sp. DRP-2009	genbank
FJ916952	SW Pacific	New Zealand	Physalia sp. DRP-2009	genbank
FJ916952.1	SW Pacific	New Zealand	Physalia sp. DRP-2009	genbank
FJ916953	SW Pacific	New Zealand	Physalia sp. DRP-2009	genbank
FJ916953.1	SW Pacific	New Zealand	Physalia sp. DRP-2009	genbank
FJ916954	SW Pacific	New Zealand	Physalia sp. DRP-2009	genbank
FJ916954.1	SW Pacific	New Zealand	Physalia sp. DRP-2009	genbank
FJ916955	SW Pacific	New Zealand	Physalia sp. DRP-2009	genbank
FJ916955.1	SW Pacific	New Zealand	Physalia sp. DRP-2009	genbank
FJ916956	SW Pacific	New Zealand	Physalia sp. DRP-2009	genbank
FJ916956.1	SW Pacific	New Zealand	Physalia sp. DRP-2009	genbank
FJ916957	SW Pacific	New Zealand	Physalia sp. DRP-2009	genbank
FJ916957.1	SW Pacific	New Zealand	Physalia sp. DRP-2009	genbank
FJ916958	SW Pacific	New Zealand	Physalia sp. DRP-2009	genbank
FJ916958.1	SW Pacific	New Zealand	Physalia sp. DRP-2009	genbank
FJ916959	SW Pacific	New Zealand	Physalia sp. DRP-2009	genbank
FJ916959.1	SW Pacific	New Zealand	Physalia sp. DRP-2009	genbank
FJ916960	SW Pacific	New Zealand	Physalia sp. DRP-2009	genbank
FJ916960.1	SW Pacific	New Zealand	Physalia sp. DRP-2009	genbank
FJ916961	SW Pacific	New Zealand	Physalia sp. DRP-2009	genbank
FJ916961.1	SW Pacific	New Zealand	Physalia sp. DRP-2009	genbank
FJ916962	SW Pacific	New Zealand	Physalia sp. DRP-2009	genbank
FJ916962.1	SW Pacific	New Zealand	Physalia sp. DRP-2009	genbank
FJ916963	SW Pacific	New Zealand	Physalia sp. DRP-2009	genbank
FJ916963.1	SW Pacific	New Zealand	Physalia sp. DRP-2009	genbank
FJ916964	SW Pacific	New Zealand	Physalia sp. DRP-2009	genbank
FJ916964.1	SW Pacific	New Zealand	Physalia sp. DRP-2009	genbank
FJ916965	SW Pacific	New Zealand	Physalia sp. DRP-2009	genbank
FJ916965.1	SW Pacific	New Zealand	Physalia sp. DRP-2009	genbank
FJ916966	SW Pacific	New Zealand	Physalia sp. DRP-2009	genbank
FJ916966.1	SW Pacific	New Zealand	Physalia sp. DRP-2009	genbank
FJ916967	SW Pacific	New Zealand	Physalia sp. DRP-2009	genbank
FJ916967.1	SW Pacific	New Zealand	Physalia sp. DRP-2009	genbank
FJ916968	SW Pacific	New Zealand	Physalia sp. DRP-2009	genbank
FJ916968.1	SW Pacific	New Zealand	Physalia sp. DRP-2009	genbank
FJ916969	SW Pacific	New Zealand	Physalia sp. DRP-2009	genbank
FJ916969.1	SW Pacific	New Zealand	Physalia sp. DRP-2009	genbank
FJ916970	SW Pacific	New Zealand	Physalia sp. DRP-2009	genbank
FJ916970.1	SW Pacific	New Zealand	Physalia sp. DRP-2009	genbank
FJ916971	SW Pacific	New Zealand	Physalia sp. DRP-2009	genbank
FJ916971.1	SW Pacific	New Zealand	Physalia sp. DRP-2009	genbank
FJ916972	SW Pacific	New Zealand	Physalia sp. DRP-2009	genbank
FJ916972.1	SW Pacific	New Zealand	Physalia sp. DRP-2009	genbank
FJ916973	SW Pacific	New Zealand	Physalia sp. DRP-2009	genbank
FJ916973.1	SW Pacific	New Zealand	Physalia sp. DRP-2009	genbank
FJ916974	SW Pacific	New Zealand	Physalia sp. DRP-2009	genbank
FJ916974.1	SW Pacific	New Zealand	Physalia sp. DRP-2009	genbank
FJ916975	SW Pacific	New Zealand	Physalia sp. DRP-2009	genbank
FJ916975.1	SW Pacific	New Zealand	Physalia sp. DRP-2009	genbank
FJ916976	SW Pacific	New Zealand	Physalia sp. DRP-2009	genbank
FJ916976.1	SW Pacific	New Zealand	Physalia sp. DRP-2009	genbank
FJ916977	SW Pacific	New Zealand	Physalia sp. DRP-2009	genbank
FJ916977.1	SW Pacific	New Zealand	Physalia sp. DRP-2009	genbank
FJ916978	SW Pacific	New Zealand	Physalia sp. DRP-2009	genbank
FJ916978.1	SW Pacific	New Zealand	Physalia sp. DRP-2009	genbank
FJ916979	SW Pacific	New Zealand	Physalia sp. DRP-2009	genbank
FJ916979.1	SW Pacific	New Zealand	Physalia sp. DRP-2009	genbank
FJ916980	SW Pacific	New Zealand	Physalia sp. DRP-2009	genbank
FJ916980.1	SW Pacific	New Zealand	Physalia sp. DRP-2009	genbank
FJ916981	SW Pacific	New Zealand	Physalia sp. DRP-2009	genbank
FJ916981.1	SW Pacific	New Zealand	Physalia sp. DRP-2009	genbank
FJ916982	SW Pacific	New Zealand	Physalia sp. DRP-2009	genbank
FJ916982.1	SW Pacific	New Zealand	Physalia sp. DRP-2009	genbank
FJ916983	SW Pacific	New Zealand	Physalia sp. DRP-2009	genbank
FJ916983.1	SW Pacific	New Zealand	Physalia sp. DRP-2009	genbank
FJ916984	SW Pacific	New Zealand	Physalia sp. DRP-2009	genbank
FJ916984.1	SW Pacific	New Zealand	Physalia sp. DRP-2009	genbank
FJ916985	SW Pacific	New Zealand	Physalia sp. DRP-2009	genbank
FJ916985.1	SW Pacific	New Zealand	Physalia sp. DRP-2009	genbank
FJ916986	SW Pacific	New Zealand	Physalia sp. DRP-2009	genbank
FJ916986.1	SW Pacific	New Zealand	Physalia sp. DRP-2009	genbank
FJ916987	SW Pacific	New Zealand	Physalia sp. DRP-2009	genbank
FJ916987.1	SW Pacific	New Zealand	Physalia sp. DRP-2009	genbank
FJ916988	SW Pacific	New Zealand	Physalia sp. DRP-2009	genbank
FJ916988.1	SW Pacific	New Zealand	Physalia sp. DRP-2009	genbank
FJ916989	SW Pacific	New Zealand	Physalia sp. DRP-2009	genbank
FJ916989.1	SW Pacific	New Zealand	Physalia sp. DRP-2009	genbank
FM-16644	NE Atlantic	Canary Islands	Physalia physalis	study
GHBB00000000	NW Pacific	Japan	Physalia physalis	genbank
GHBB00000000.1	NW Pacific	Japan	Physalia physalis	genbank
GQ120032	NW Atlantic	International	Physalia physalis	genbank
GQ120032.1	NW Atlantic	International	Physalia physalis	genbank
GQ120033	NW Atlantic	International	Physalia physalis	genbank
GQ120033.1	NW Atlantic	International	Physalia physalis	genbank
GQ120034	NW Atlantic	International	Physalia sp. BO-2009	genbank
GQ120034.1	NW Atlantic	International	Physalia sp. BO-2009	genbank
GQ120038		International	Rhizophysa eysenhardtii	genbank
GQ120038.1		Rhizophysa eysenhardtii	Rhizophysa eysenhardtii	genbank
GQ120039		International	Rhizophysa eysenhardtii	genbank
GQ120039.1		Rhizophysa eysenhardtii	Rhizophysa eysenhardtii	genbank
GQ120040		International	Rhizophysa eysenhardtii	genbank
GQ120040.1		Rhizophysa eysenhardtii	Rhizophysa eysenhardtii	genbank
GQ120041		International	Rhizophysa filiformis	genbank
GQ120041.1		Rhizophysa filiformis	Rhizophysa filiformis	genbank
KT809328			Physalia physalis	genbank
KT809328.1			Physalia physalis	genbank
KT809335			Rhizophysa eysenhardtii	genbank
KT809335.1		Rhizophysa eysenhardtii	Rhizophysa eysenhardtii	genbank
LN901209			Physalia physalis	genbank
LN901209.1			Physalia physalis	genbank
MK084614	W Indian	Pakistan	Physalia physalis	genbank
MK084614.1	W Indian	Pakistan	Physalia physalis	genbank
MW277724	Central Pacific	Hawaii	Physalia physalis	genbank
MW277724.1	Central Pacific	Hawaii	Physalia physalis	genbank
NC_080941		International	Rhizophysa filiformis	genbank
NC_080941.1		Rhizophysa filiformis	Rhizophysa filiformis	genbank
NC_080942		Mexico	Rhizophysa eysenhardtii	genbank
NC_080942.1		Rhizophysa eysenhardtii	Rhizophysa eysenhardtii	genbank
NIWA-173304	SW Pacific	New Zealand	Physalia minuta	study
NIWA-173305	SW Pacific	New Zealand	Physalia minuta	study
OA-190531-1	SW Pacific	New South Wales	Physalia utriculus	study
OA-Bluebottle	SW Pacific	New South Wales	Physalia utriculus	study
OQ957199		International	Rhizophysa filiformis	genbank
OQ957199.1		Rhizophysa filiformis	Rhizophysa filiformis	genbank
OQ957206		Mexico	Rhizophysa eysenhardtii	genbank
OQ957206.1		Rhizophysa eysenhardtii	Rhizophysa eysenhardtii	genbank
OQ957220	Central Pacific	International	Physalia sp.	genbank
OQ957220.1	Central Pacific	International	Physalia sp.	genbank
PQ851682.1	W Indian	India: Alappuzha, Kerala	Physalia physalis	genbank
PV452818.1	NW Pacific	Japan: Miyagi Prefecture, Sendai, Sendai Bay	Physalia mikazuki	genbank
PV452819.1	NW Pacific	Japan: Miyagi Prefecture, Sendai, Sendai Bay	Physalia mikazuki	genbank
PV452820.1	NW Pacific	Japan: Miyagi Prefecture, Sendai, Sendai Bay	Physalia mikazuki	genbank
PV452821.1	NW Pacific	Japan: Miyagi Prefecture, Sendai, Sendai Bay	Physalia mikazuki	genbank
PV452822.1	NW Pacific	Japan: Okinawa Prefecture, Kunigami District, Onna	Physalia sp.	genbank
PV452823.1	NW Pacific	Japan: Okinawa Prefecture, Kunigami District, Onna	Physalia sp.	genbank
PV469480.1	NW Pacific	Japan: Miyagi Prefecture, Sendai, Sendai Bay	Physalia mikazuki	genbank
PV469481.1	NW Pacific	Japan: Miyagi Prefecture, Sendai, Sendai Bay	Physalia mikazuki	genbank
PV469482.1	NW Pacific	Japan: Miyagi Prefecture, Sendai, Sendai Bay	Physalia mikazuki	genbank
PV469483.1	NW Pacific	Japan: Miyagi Prefecture, Sendai, Sendai Bay	Physalia mikazuki	genbank
PV469484.1	NW Pacific	Japan: Okinawa Prefecture, Kunigami District, Onna	Physalia sp.	genbank
PV469485.1	NW Pacific	Japan: Okinawa Prefecture, Kunigami District, Onna	Physalia sp.	genbank
PX372070.1		Rhizophysa filiformis	Rhizophysa filiformis	genbank
PX372071.1	NW Atlantic	USA: Florida, Gulf Stream, 6-7 miles east of Palm Beach	Physalia physalis	genbank
PX372075.1		Rhizophysa eysenhardtii	Rhizophysa eysenhardtii	genbank
PX372076.1		Rhizophysa eysenhardtii	Rhizophysa eysenhardtii	genbank
PX372077.1		Rhizophysa eysenhardtii	Rhizophysa eysenhardtii	genbank
PX372078.1		Rhizophysa eysenhardtii	Rhizophysa eysenhardtii	genbank
PX372079.1		Rhizophysa eysenhardtii	Rhizophysa eysenhardtii	genbank
SEA2025-Ph201	SW Pacific	Chatham Rise	Physalia minuta	study
SEA2025-Ph203	SW Pacific	Chatham Rise	Physalia minuta	study
SEA2025-Ph209	SW Pacific	Chatham Rise	Physalia minuta	study
SEA2025-Ph211	SW Pacific	Chatham Rise	Physalia minuta	study
SEA2025-Ph214	SW Pacific	Chatham Rise	Physalia minuta	study
SEA2025-Ph218	SW Pacific	Chatham Rise	Physalia minuta	study
SEA2025-Ph221	SW Pacific	Chatham Rise	Physalia minuta	study
SEA2025-Ph225	SW Pacific	Chatham Rise	Physalia minuta	study
SEA2025-Ph227	SW Pacific	Chatham Rise	Physalia megalista	study
SEA2025-Ph233	SW Pacific	Chatham Rise	Physalia minuta	study
SEA2025-Ph239	SW Pacific	SSPG	Physalia minuta	study
SEA2025-Ph240	SW Pacific	SSPG	Physalia minuta	study
SEA2025-Ph250	SW Pacific	SSPG	Physalia minuta	study
SEA2025-Ph252	SW Pacific	SSPG	Physalia minuta	study
SEA2025-Ph255	SW Pacific	SSPG	Physalia minuta	study
SEA2025-Ph256	SW Pacific	SSPG	Physalia minuta	study
SEA2025-Ph259	SW Pacific	SSPG	Physalia minuta	study
SEA2025-Ph262	SW Pacific	SSPG	Physalia minuta	study
SEA2025-Ph264	SW Pacific	SSPG	Physalia minuta	study
SEA2025-Ph265	SW Pacific	SSPG	Physalia minuta	study
SEA2025-Ph268	SW Pacific	SSPG	Physalia minuta	study
SEA2025-Ph270	SW Pacific	SSPG	Physalia minuta	study
SEA2025-Ph271	SW Pacific	SSPG	Physalia minuta	study
SEA2025-Ph272	SW Pacific	SSPG	Physalia minuta	study
SEA2025-Ph273	SW Pacific	SSPG	Physalia minuta	study
SEA2025-Ph276	SW Pacific	SSPG	Physalia minuta	study
SEA2025-Ph277	SW Pacific	CSPG	Physalia megalista	study
SEA2025-Ph278	SW Pacific	CSPG	Physalia megalista	study
TMAG-K5632	SW Pacific	Tasmania	Physalia megalista	study
TMAG-K5633	SW Pacific	Tasmania	Physalia minuta	study
TMAG-K5634	SW Pacific	Tasmania	Physalia minuta	study
TMAG-K5635	SW Pacific	Tasmania	Physalia minuta	study
TMAG-K5636	SW Pacific	Tasmania	Physalia minuta	study
WAM-Z88480	E Indian	Western Australia	Physalia megalista	study
WAM-Z97900	E Indian	Western Australia	Physalia megalista	study
WAM-Z97901	E Indian	Western Australia	Physalia megalista	study
WAM-Z97902	E Indian	Western Australia	Physalia utriculus	study
WAM-Z97903	E Indian	Western Australia	Physalia megalista	study
WAM-Z97906	E Indian	Western Australia	Physalia megalista	study
WAM-Z97907	E Indian	Western Australia	Physalia utriculus	study
WAM-Z97908	E Indian	Western Australia	Physalia utriculus	study
WAM-Z97909	E Indian	Western Australia	Physalia megalista	study
WAM-Z97910	E Indian	Western Australia	Physalia utriculus	study
WAM-Z97911	E Indian	Western Australia	Physalia utriculus	study
WAM-Z97914	E Indian	Western Australia	Physalia utriculus	study
WAM-Z97916	E Indian	Western Australia	Physalia utriculus	study
WAM-Z97917	SW Pacific	New South Wales	Physalia utriculus	study
WAM-Z97920	SW Pacific	New South Wales	Physalia megalista	study
WAM-Z97921	SW Pacific	Queensland	Physalia utriculus	study
WAM-Z97923	SW Pacific	Queensland	Physalia utriculus	study
YPM-IZ-104460	NW Pacific	Guam	Physalia utriculus	study
YPM-IZ-104461	NW Pacific	Guam	Physalia utriculus	study
YPM-IZ-104464	NW Pacific	Guam	Physalia utriculus	study
YPM-IZ-104465	NW Pacific	Guam		study
YPM-IZ-106919	NW Pacific	Japan	Physalia utriculus	study
YPM-IZ-106920	NW Pacific	Japan	Physalia utriculus	study
YPM-IZ-106923	NW Pacific	Japan	Physalia utriculus	study
YPM-IZ-106935	Gulf of Mexico	Texas	Physalia physalis	study
YPM-IZ-106936	Gulf of Mexico	Texas	Physalia physalis	study
YPM-IZ-106937	Gulf of Mexico	Texas	Physalia physalis	study
YPM-IZ-106941	NW Atlantic	Bermuda	Physalia physalis	study
YPM-IZ-106943	NW Atlantic	Bermuda	Physalia physalis	study
YPM-IZ-106944	NW Atlantic	Bermuda		study
YPM-IZ-106954	NW Atlantic	Bermuda	Physalia physalis	study
YPM-IZ-106958	Gulf of Mexico	Texas	Physalia physalis	study
YPM-IZ-110251	NW Atlantic	Florida	Physalia physalis	study
YPM-IZ-110254	NW Atlantic	Florida	Physalia physalis	study
YPM-IZ-110264	Central Pacific	Hawai'i	Physalia utriculus	study
YPM-IZ-110268	Central Pacific	Hawai'i	Physalia utriculus	study
YPM-IZ-110269	Central Pacific	Hawai'i	Physalia utriculus	study
YPM-IZ-110276	Central Pacific	Hawai'i	Physalia utriculus	study
YPM-IZ-110277	Central Pacific	Hawai'i	Physalia utriculus	study
YPM-IZ-110278	Central Pacific	Hawai'i	Physalia utriculus	study
YPM-IZ-110432	NW Atlantic	Florida		study
YPM-IZ-110433	NW Atlantic	Florida	Physalia physalis	study
YPM-IZ-110434	NW Atlantic	Florida	Physalia physalis	study
YPM-IZ-110436	NW Atlantic	Florida	Physalia physalis	study
YPM-IZ-110438	Gulf of Mexico	Texas	Physalia physalis	study
YPM-IZ-110443	Gulf of Mexico	Texas	Physalia physalis	study
YPM-IZ-110460	Central Pacific	Hawai'i	Physalia utriculus	study
YPM-IZ-110467	SW Pacific	New Zealand	Physalia minuta	study
YPM-IZ-110468	SW Pacific	New Zealand	Physalia minuta	study
YPM-IZ-110469	SW Pacific	New Zealand	Physalia minuta	study
YPM-IZ-110470	SW Pacific	New Zealand	Physalia minuta	study
YPM-IZ-110471	Central Pacific	Hawai'i	Physalia utriculus	study
YPM-IZ-110473	Central Pacific	Hawai'i	Physalia utriculus	study
YPM-IZ-110474	Central Pacific	Hawai'i	Physalia utriculus	study
YPM-IZ-110474-2	Central Pacific	Hawai'i		study
YPM-IZ-110480	Central Pacific	Hawai'i	Physalia utriculus	study
YPM-IZ-110515	SW Pacific	New South Wales	Physalia utriculus	study
YPM-IZ-110520	SW Pacific	New South Wales	Physalia utriculus	study
YPM-IZ-110526	SW Pacific	New South Wales	Physalia utriculus	study
YPM-IZ-110556	SW Pacific	Tasmania	Physalia minuta	study
YPM-IZ-110557	SW Pacific	Tasmania	Physalia minuta	study
YPM-IZ-110558	SW Pacific	Tasmania	Physalia minuta	study
YPM-IZ-110566	NW Pacific	Guam	Physalia utriculus	study
YPM-IZ-110569	NW Pacific	Guam	Physalia utriculus	study
YPM-IZ-110574	NW Pacific	Guam		study
YPM-IZ-110600	NW Pacific	Guam	Physalia utriculus	study
YPM-IZ-110602	NW Pacific	Guam	Physalia utriculus	study
YPM-IZ-110605	SW Pacific	Queensland	Physalia utriculus	study
YPM-IZ-110612	SW Pacific	New South Wales	Physalia utriculus	study
YPM-IZ-110613	SW Pacific	New South Wales	Physalia utriculus	study
YPM-IZ-110616	SW Pacific	New South Wales	Physalia utriculus	study
YPM-IZ-110631	NW Atlantic	Northeast US	Physalia physalis	study
YPM-IZ-110632	NW Atlantic	Northeast US		study
YPM-IZ-110633	NW Atlantic	Northeast US	Physalia physalis	study
YPM-IZ-110667	NW Atlantic	Northeast US	Physalia physalis	study
YPM-IZ-110694	NW Atlantic	Northeast US	Physalia physalis	study
YPM-IZ-110694-dry	NW Atlantic	Northeast US		study
YPM-IZ-110716	NE Atlantic	Spain	Physalia physalis	study
YPM-IZ-110726	NE Atlantic	Spain	Physalia physalis	study
YPM-IZ-110738	NE Atlantic	Spain	Physalia physalis	study
YPM-IZ-110777	Central Pacific	Hawai'i	Physalia utriculus	study
YPM-IZ-110780	Central Pacific	Hawai'i	Physalia utriculus	study
YPM-IZ-110785	Central Pacific	Hawai'i	Physalia utriculus	study
YPM-IZ-110786	Central Pacific	Hawai'i	Physalia utriculus	study
YPM-IZ-110826	SE Pacific	Chile		study
YPM-IZ-110827	SE Pacific	Chile		study
YPM-IZ-110828	SE Pacific	Chile	Physalia megalista	study
YPM-IZ-110829	SE Pacific	Chile	Physalia megalista	study
YPM-IZ-110830	SW Atlantic	Uruguay	Physalia utriculus	study
YPM-IZ-110842	NE Atlantic	Azores	Physalia physalis	study
YPM-IZ-110843	NE Atlantic	Azores	Physalia physalis	study
YPM-IZ-110844	NE Atlantic	Azores	Physalia physalis	study
YPM-IZ-110845	NE Atlantic	Azores	Physalia physalis	study
YPM-IZ-110846	NE Atlantic	Azores	Physalia physalis	study
YPM-IZ-110847	NE Atlantic	Azores	Physalia physalis	study
YPM-IZ-110876	Gulf of Mexico	Texas	Physalia physalis	study
YPM-IZ-110877	Gulf of California	Mexico	Physalia mikazuki	study
YPM-IZ-110878	Gulf of California	Mexico	Physalia mikazuki	study
YPM-IZ-110879	Gulf of California	Mexico		study
YPM-IZ-110880	NW Atlantic	Northeast US	Physalia physalis	study
YPM-IZ-110881	Central Pacific	Hawai'i	Physalia utriculus	study
YPM-IZ-110882	Central Pacific	Hawai'i	Physalia utriculus	study
YPM-IZ-110883	Central Pacific	Hawai'i	Physalia utriculus	study
YPM-IZ-110906	Central Pacific	NW Hawaiian Islands	Physalia utriculus	study
YPM-IZ-110907	Central Pacific	NW Hawaiian Islands	Physalia utriculus	study
YPM-IZ-110925	NW Pacific	Japan	Physalia utriculus	study
YPM-IZ-110926	NW Pacific	Japan	Physalia utriculus	study
YPM-IZ-110930	NW Pacific	Japan	Physalia utriculus	study
YPM-IZ-110931	NW Pacific	Japan	Physalia mikazuki	study
YPM-IZ-110933	NW Pacific	Japan	Physalia utriculus	study
YPM-IZ-110937	NW Pacific	Japan	Physalia utriculus	study
YPM-IZ-110938	NW Pacific	Japan	Physalia utriculus	study
YPM-IZ-110943	NW Pacific	Japan	Physalia mikazuki	study
YPM-IZ-110972	NE Atlantic	Ireland		study
YPM-IZ-110973	NE Atlantic	Ireland		study
YPM-IZ-111006	W Indian	South Africa	Physalia utriculus	study
YPM-IZ-111007	W Indian	South Africa	Physalia utriculus	study
YPM-IZ-111008	W Indian	South Africa	Physalia utriculus	study
YPM-IZ-111009	W Indian	South Africa	Physalia utriculus	study
YPM-IZ-111010	W Indian	South Africa	Physalia megalista	study
YPM-IZ-111012	NW Atlantic	Bermuda	Physalia physalis	study
YPM-IZ-111013	NW Atlantic	Bermuda	Physalia physalis	study
YPM-IZ-111014	NW Atlantic	Bermuda	Physalia physalis	study
YPM-IZ-111015	NW Atlantic	Bermuda		study
YPM-IZ-111016	NW Atlantic	Bermuda	Physalia physalis	study
YPM-IZ-111017	NW Atlantic	Bermuda	Physalia physalis	study
YPM-IZ-111018	NW Atlantic	Bermuda	Physalia physalis	study
YPM-IZ-111019	NW Atlantic	Bermuda		study
YPM-IZ-111156	SW Pacific	Tasman Sea	Physalia megalista	study
YPM-IZ-111157	SW Pacific	Tasman Sea	Physalia megalista	study
YPM-IZ-111158	SW Pacific	Tasman Sea	Physalia megalista	study
YPM-IZ-111159	SW Pacific	Tasman Sea	Physalia megalista	study
YPM-IZ-111160	SW Pacific	Tasman Sea	Physalia megalista	study
YPM-IZ-111163	SW Pacific	New South Wales	Physalia utriculus	study
YPM-IZ-111207	SW Pacific	New Zealand	Physalia minuta	study
YPM-IZ-111208	SW Pacific	New Zealand	Physalia minuta	study
YPM-IZ-111209	SW Pacific	New Zealand	Physalia minuta	study
YPM-IZ-111210	SW Pacific	New Zealand	Physalia minuta	study
YPM-IZ-111220	SW Pacific	New Zealand	Physalia minuta	study
YPM-IZ-111231	SW Pacific	New Zealand	Physalia minuta	study
YPM-IZ-111241	SW Pacific	New Zealand	Physalia minuta	study
YPM-IZ-111243	SW Pacific	New Zealand	Physalia minuta	study
YPM-IZ-111256	SW Pacific	New Zealand	Physalia minuta	study
YPM-IZ-111261	SW Pacific	New Zealand	Physalia minuta	study
YPM-IZ-111495	SW Pacific	New Zealand	Physalia megalista	study
YPM-IZ-111513	SW Pacific	New Zealand	Physalia megalista	study
YPM-IZ-111514	SW Pacific	New Zealand	Physalia megalista	study
YPM-IZ-111517	SW Pacific	New Zealand	Physalia megalista	study
YPM-IZ-111518	SW Pacific	New Zealand	Physalia megalista	study
YPM-IZ-111519	SW Pacific	New Zealand	Physalia megalista	study
YPM-IZ-111520	SW Pacific	New Zealand	Physalia megalista	study
YPM-IZ-111521	SW Pacific	New Zealand	Physalia megalista	study
YPM-IZ-111529	SW Pacific	New Zealand	Physalia megalista	study
YPM-IZ-111530	SW Pacific	New Zealand	Physalia megalista	study
YPM-IZ-111539	SW Pacific	New Zealand	Physalia megalista	study
YPM-IZ-111547	Central Pacific	Hawai'i	Physalia utriculus	study
YPM-IZ-111759	SW Pacific	SW Pacific	Physalia minuta	study
YPM-IZ-111760	SW Pacific	SW Pacific		study
YPM-IZ-111806	SW Pacific	SW Pacific	Physalia minuta	study
YPM-IZ-111813	SW Pacific	SW Pacific	Physalia minuta	study
YPM-IZ-111814	SW Pacific	SW Pacific	Physalia megalista	study
YPM-IZ-111816	SW Pacific	SW Pacific	Physalia megalista	study
YPM-IZ-111819	SW Pacific	SW Pacific	Physalia megalista	study
YPM-IZ-111820	SW Pacific	SW Pacific	Physalia megalista	study
YPM-IZ-111822	SW Pacific	SW Pacific	Physalia megalista	study
YPM-IZ-111825	SW Pacific	SW Pacific	Physalia megalista	study
YPM-IZ-111839	Central Pacific	Central Pacific	Physalia mikazuki	study
YPM-IZ-111840	Central Pacific	Central Pacific	Physalia utriculus	study
YPM-IZ-115977	SE Atlantic	Saint Helena	Physalia minuta	study
YPM-IZ-115978	SE Atlantic	Saint Helena	Physalia minuta	study
YPM-IZ-115980	SE Atlantic	Saint Helena	Physalia minuta	study
YPM-IZ-115990	SE Atlantic	Saint Helena	Physalia minuta	study
YPM-IZ-116019	SE Atlantic	Saint Helena	Physalia megalista	study
